DATA_TYPE Graph,,,
VERSION Tekscan Pressure Measurement System 6.85-29,,,
HARDWARE 00114-2337,,,
MAP_VERSION 8.0,,,
HW_TYPE 4,,,
VersaPogoFsx 0,,,
VersaV6CuffFsx 0,,,
SENSOR_TYPE Socket XL Med,,,
ROWS 16,,,
COLS 15,,,
ROW_SPACING 1.27 centimeters,,,
COL_SPACING 1.27 centimeters,,,
SENSEL_AREA 1.6129 cm2,,,
NOISE_THRESHOLD 3,,,
SECONDS_PER_FRAME 0.005,,,
MICRO_SECOND 1,,,
TIME 11/3/2021 2:35:15.481PM,,,
SCALE_FACTOR  0.10632 N/cm2 / raw,,,
EXPONENT 1.00413,,,
SATURATION_PRESSURE 27.7392 N/cm2 (Exponential Extrapolation),,,
CALIBRATION_POINT_1 2.99895 (Pounds) 77 (Raw Sum) 9 (Number of Loaded Cells),,,
CALIBRATION_MODE_1 Point,,,
CALIBRATION_POINT_2 32 (Pounds) 815 (Raw Sum) 22 (Number of Loaded Cells),,,
CALIBRATION_MODE_2 Point,,,
CALIBRATION_INFO C:\Tekscan\Research\Database\MOVIES\ConwayBrian\Calibration_1.cal,,,
SENSITIVITY Default,,,
MAP_INDEX 0,,,
SUBMAP 0,,,
Last Name: Taquet,,,
First Name: Léon,,,
Gender: Male,,,
START_FRAME 1,,,
END_FRAME 4415,,,
UNITS Pounds,,,
ASCII_DATA @@,,,
Frames(X), Time(X), Raw Sum, Force(Y:green)
1,0,57,0
2,0.005,67,0
3,0.01,53,0
4,0.015,60,0
5,0.02,79,0
6,0.025,81,0
7,0.03,48,0
8,0.035,50,0
9,0.04,56,0.3
10,0.045,82,0
11,0.05,57,0
12,0.055,50,0
13,0.06,71,0
14,0.065,62,0
15,0.07,54,0
16,0.075,68,0
17,0.08,87,0
18,0.085,64,0
19,0.09,42,0
20,0.095,86,0
21,0.1,41,0
22,0.105,57,0
23,0.11,57,0
24,0.115,45,0
25,0.12,61,0
26,0.125,68,0
27,0.13,67,0
28,0.135,42,0
29,0.14,61,0
30,0.145,66,0
31,0.15,57,0
32,0.155,35,0
33,0.16,80,0
34,0.165,71,0
35,0.17,48,0
36,0.175,57,0
37,0.18,67,0
38,0.185,52,0
39,0.19,64,0
40,0.195,44,0
41,0.2,75,0
42,0.205,77,0
43,0.21,63,0
44,0.215,48,0
45,0.22,62,0
46,0.225,57,0
47,0.23,51,0
48,0.235,51,0
49,0.24,55,0
50,0.245,68,0
51,0.25,100,0
52,0.255,38,0
53,0.26,40,0
54,0.265,65,0
55,0.27,36,0
56,0.275,67,0
57,0.28,81,0
58,0.285,74,0
59,0.29,76,0
60,0.295,38,0
61,0.3,54,0
62,0.305,57,0
63,0.31,78,0
64,0.315,68,0.3
65,0.32,43,0
66,0.325,55,0
67,0.33,54,0
68,0.335,68,0
69,0.34,39,0
70,0.345,59,0
71,0.35,62,0.3
72,0.355,56,0
73,0.36,42,0
74,0.365,65,0
75,0.37,21,0
76,0.375,40,0
77,0.38,48,0
78,0.385,60,0
79,0.39,57,0
80,0.395,80,0
81,0.4,67,0
82,0.405,64,0
83,0.41,29,0
84,0.415,84,0
85,0.42,42,0
86,0.425,66,0
87,0.43,49,0
88,0.435,75,0
89,0.44,31,0
90,0.445,36,0
91,0.45,47,0
92,0.455,63,0
93,0.46,99,0
94,0.465,37,0
95,0.47,99,0
96,0.475,75,0
97,0.48,66,0
98,0.485,69,0
99,0.49,66,0
100,0.495,75,0
101,0.5,33,0
102,0.505,59,0
103,0.51,61,0
104,0.515,58,0
105,0.52,51,0.3
106,0.525,70,0
107,0.53,83,0.3
108,0.535,63,0
109,0.54,49,0
110,0.545,30,0
111,0.55,80,0
112,0.555,79,0
113,0.56,36,0
114,0.565,51,0
115,0.57,65,0
116,0.575,55,0
117,0.58,57,0
118,0.585,73,0
119,0.59,58,0
120,0.595,62,0
121,0.6,62,0
122,0.605,35,0
123,0.61,104,0
124,0.615,65,0
125,0.62,36,0
126,0.625,87,0
127,0.63,79,0
128,0.635,62,0
129,0.64,29,0
130,0.645,30,0
131,0.65,53,0
132,0.655,46,0
133,0.66,39,0
134,0.665,54,0
135,0.67,47,0
136,0.675,59,0
137,0.68,45,0
138,0.685,39,0
139,0.69,46,0
140,0.695,34,0
141,0.7,46,0
142,0.705,46,0
143,0.71,64,0
144,0.715,65,0
145,0.72,89,0
146,0.725,36,0
147,0.73,39,0
148,0.735,48,0
149,0.74,61,0
150,0.745,56,0
151,0.75,64,0
152,0.755,79,0
153,0.76,60,0
154,0.765,82,0
155,0.77,50,0
156,0.775,49,0
157,0.78,96,0
158,0.785,64,0
159,0.79,79,0
160,0.795,99,0
161,0.8,58,0
162,0.805,83,0
163,0.81,44,0
164,0.815,93,0
165,0.82,86,0
166,0.825,65,0
167,0.83,46,0
168,0.835,71,0
169,0.84,80,0
170,0.845,59,0
171,0.85,92,0
172,0.855,87,0.3
173,0.86,53,0
174,0.865,41,0
175,0.87,57,0
176,0.875,18,0
177,0.88,46,0
178,0.885,66,0
179,0.89,73,0.3
180,0.895,47,0
181,0.9,65,0
182,0.905,56,0
183,0.91,67,0
184,0.915,58,0
185,0.92,47,0
186,0.925,69,0
187,0.93,75,0
188,0.935,90,0
189,0.94,55,0
190,0.945,63,0
191,0.95,39,0
192,0.955,55,0.3
193,0.96,55,0
194,0.965,60,0
195,0.97,95,0
196,0.975,73,0
197,0.98,55,0
198,0.985,85,0
199,0.99,81,0
200,0.995,51,0
201,1,50,0
202,1.005,49,0
203,1.01,33,0
204,1.015,75,0
205,1.02,89,0
206,1.025,66,0
207,1.03,81,0
208,1.035,63,0
209,1.04,71,0
210,1.045,40,0.3
211,1.05,84,0
212,1.055,111,0
213,1.06,83,0
214,1.065,63,0
215,1.07,65,0.3
216,1.075,63,0
217,1.08,43,0
218,1.085,64,0
219,1.09,46,0
220,1.095,42,0
221,1.1,77,0
222,1.105,74,0
223,1.11,61,0
224,1.115,81,0
225,1.12,49,0
226,1.125,64,0
227,1.13,65,0
228,1.135,41,0
229,1.14,54,0
230,1.145,86,0
231,1.15,37,0
232,1.155,59,0.3
233,1.16,54,0
234,1.165,70,0
235,1.17,58,0
236,1.175,59,0
237,1.18,47,0
238,1.185,63,0
239,1.19,62,0
240,1.195,74,0.3
241,1.2,51,0
242,1.205,72,0.3
243,1.21,93,0
244,1.215,39,0
245,1.22,76,0
246,1.225,71,0
247,1.23,32,0
248,1.235,27,0
249,1.24,41,0
250,1.245,42,0
251,1.25,55,0
252,1.255,78,0
253,1.26,61,0
254,1.265,64,0
255,1.27,73,0
256,1.275,71,0
257,1.28,74,0
258,1.285,54,0
259,1.29,33,0
260,1.295,30,0
261,1.3,70,0
262,1.305,64,0
263,1.31,49,0
264,1.315,49,0
265,1.32,42,0
266,1.325,64,0
267,1.33,89,0
268,1.335,86,0
269,1.34,56,0
270,1.345,68,0
271,1.35,105,0
272,1.355,56,0
273,1.36,45,0.3
274,1.365,69,0
275,1.37,49,0
276,1.375,51,0
277,1.38,41,0
278,1.385,44,0
279,1.39,87,0
280,1.395,51,0
281,1.4,37,0
282,1.405,35,0
283,1.41,48,0.3
284,1.415,48,0
285,1.42,51,0
286,1.425,51,0
287,1.43,68,0
288,1.435,101,0
289,1.44,70,0
290,1.445,74,0
291,1.45,57,0
292,1.455,35,0
293,1.46,51,0
294,1.465,62,0
295,1.47,86,0
296,1.475,44,0
297,1.48,87,0
298,1.485,72,0
299,1.49,51,0
300,1.495,73,0
301,1.5,61,0
302,1.505,67,0
303,1.51,75,0
304,1.515,58,0
305,1.52,51,0
306,1.525,76,0
307,1.53,65,0
308,1.535,51,0
309,1.54,66,0
310,1.545,48,0
311,1.55,60,0
312,1.555,64,0
313,1.56,28,0
314,1.565,73,0
315,1.57,58,0
316,1.575,60,0
317,1.58,85,0
318,1.585,73,0
319,1.59,68,0
320,1.595,62,0
321,1.6,46,0
322,1.605,36,0
323,1.61,70,0
324,1.615,34,0
325,1.62,58,0
326,1.625,55,0
327,1.63,75,0
328,1.635,85,0
329,1.64,56,0
330,1.645,66,0
331,1.65,77,0
332,1.655,67,0
333,1.66,38,0
334,1.665,25,0
335,1.67,73,0
336,1.675,61,0
337,1.68,55,0
338,1.685,85,0
339,1.69,53,0
340,1.695,61,0
341,1.7,48,0
342,1.705,47,0
343,1.71,46,0
344,1.715,67,0
345,1.72,88,0
346,1.725,60,0
347,1.73,71,0
348,1.735,67,0
349,1.74,60,0
350,1.745,58,0
351,1.75,39,0
352,1.755,67,0
353,1.76,79,0
354,1.765,51,0
355,1.77,60,0
356,1.775,63,0
357,1.78,76,0
358,1.785,55,0
359,1.79,41,0
360,1.795,61,0
361,1.8,78,0
362,1.805,57,0
363,1.81,92,0
364,1.815,54,0
365,1.82,64,0
366,1.825,76,0
367,1.83,72,0
368,1.835,24,0
369,1.84,75,0
370,1.845,68,0
371,1.85,51,0
372,1.855,50,0
373,1.86,61,0
374,1.865,75,0
375,1.87,62,0
376,1.875,43,0
377,1.88,80,0
378,1.885,54,0
379,1.89,43,0
380,1.895,58,0
381,1.9,71,0
382,1.905,64,0
383,1.91,51,0
384,1.915,68,0
385,1.92,75,0
386,1.925,84,0
387,1.93,54,0
388,1.935,29,0
389,1.94,57,0
390,1.945,70,0
391,1.95,89,0
392,1.955,99,0
393,1.96,36,0.3
394,1.965,74,0
395,1.97,65,0
396,1.975,80,0
397,1.98,95,0.3
398,1.985,70,0
399,1.99,59,0
400,1.995,57,0
401,2,75,0
402,2.005,68,0
403,2.01,58,0
404,2.015,86,0
405,2.02,69,0
406,2.025,34,0
407,2.03,74,0
408,2.035,53,0
409,2.04,90,0
410,2.045,46,0
411,2.05,65,0
412,2.055,75,0
413,2.06,88,0
414,2.065,32,0
415,2.07,47,0
416,2.075,74,0
417,2.08,51,0
418,2.085,47,0
419,2.09,47,0
420,2.095,59,0
421,2.1,44,0
422,2.105,33,0
423,2.11,58,0
424,2.115,51,0
425,2.12,65,0
426,2.125,77,0
427,2.13,69,0
428,2.135,27,0
429,2.14,79,0
430,2.145,43,0
431,2.15,55,0
432,2.155,50,0
433,2.16,68,0
434,2.165,38,0
435,2.17,49,0
436,2.175,53,0
437,2.18,75,0
438,2.185,42,0
439,2.19,49,0
440,2.195,43,0
441,2.2,60,0
442,2.205,35,0
443,2.21,69,0
444,2.215,59,0
445,2.22,65,0
446,2.225,79,0
447,2.23,58,0
448,2.235,78,0
449,2.24,87,0
450,2.245,68,0
451,2.25,30,0
452,2.255,33,0
453,2.26,36,0
454,2.265,28,0
455,2.27,66,0
456,2.275,31,0
457,2.28,39,0
458,2.285,51,0
459,2.29,86,0
460,2.295,42,0
461,2.3,51,0
462,2.305,61,0
463,2.31,35,0
464,2.315,73,0
465,2.32,58,0
466,2.325,53,0
467,2.33,61,0
468,2.335,75,0
469,2.34,75,0
470,2.345,64,0
471,2.35,75,0
472,2.355,46,0
473,2.36,35,0
474,2.365,42,0
475,2.37,66,0
476,2.375,28,0
477,2.38,60,0
478,2.385,35,0
479,2.39,42,0
480,2.395,78,0
481,2.4,98,0
482,2.405,72,0
483,2.41,65,0
484,2.415,54,0
485,2.42,53,0
486,2.425,53,0
487,2.43,68,0
488,2.435,59,0
489,2.44,67,0
490,2.445,67,0
491,2.45,69,0
492,2.455,66,0
493,2.46,62,0.3
494,2.465,62,0
495,2.47,68,0
496,2.475,54,0
497,2.48,81,0
498,2.485,55,0
499,2.49,52,0
500,2.495,46,0
501,2.5,50,0
502,2.505,51,0
503,2.51,68,0
504,2.515,88,0
505,2.52,33,0
506,2.525,35,0
507,2.53,55,0
508,2.535,58,0
509,2.54,95,0
510,2.545,54,0
511,2.55,71,0
512,2.555,58,0
513,2.56,71,0
514,2.565,28,0
515,2.57,62,0
516,2.575,90,0
517,2.58,38,0
518,2.585,43,0
519,2.59,54,0
520,2.595,90,0
521,2.6,40,0
522,2.605,45,0
523,2.61,59,0
524,2.615,97,0
525,2.62,70,0
526,2.625,74,0
527,2.63,76,0
528,2.635,57,0
529,2.64,39,0
530,2.645,60,0
531,2.65,44,0
532,2.655,93,0
533,2.66,48,0
534,2.665,45,0
535,2.67,69,0
536,2.675,57,0
537,2.68,49,0
538,2.685,48,0
539,2.69,58,0
540,2.695,48,0
541,2.7,37,0
542,2.705,85,0.3
543,2.71,69,0
544,2.715,46,0
545,2.72,65,0
546,2.725,59,0
547,2.73,64,0
548,2.735,49,0
549,2.74,46,0
550,2.745,71,0
551,2.75,59,0
552,2.755,44,0
553,2.76,79,0
554,2.765,86,0
555,2.77,48,0
556,2.775,72,0
557,2.78,46,0
558,2.785,72,0
559,2.79,66,0
560,2.795,61,0
561,2.8,64,0
562,2.805,63,0
563,2.81,60,0
564,2.815,51,0
565,2.82,70,0
566,2.825,51,0
567,2.83,70,0
568,2.835,67,0
569,2.84,38,0
570,2.845,69,0
571,2.85,74,0
572,2.855,74,0
573,2.86,66,0
574,2.865,43,0
575,2.87,67,0
576,2.875,37,0
577,2.88,71,0
578,2.885,67,0.3
579,2.89,58,0
580,2.895,75,0
581,2.9,57,0
582,2.905,54,0
583,2.91,48,0
584,2.915,35,0
585,2.92,63,0
586,2.925,81,0
587,2.93,56,0
588,2.935,78,0
589,2.94,61,0
590,2.945,60,0
591,2.95,84,0.3
592,2.955,61,0
593,2.96,62,0
594,2.965,57,0
595,2.97,75,0
596,2.975,52,0
597,2.98,65,0
598,2.985,49,0
599,2.99,70,0
600,2.995,55,0
601,3,69,0
602,3.005,43,0
603,3.01,81,0
604,3.015,64,0
605,3.02,81,0
606,3.025,81,0
607,3.03,73,0
608,3.035,62,0
609,3.04,49,0
610,3.045,58,0
611,3.05,69,0
612,3.055,59,0
613,3.06,83,0
614,3.065,70,0
615,3.07,62,0
616,3.075,64,0
617,3.08,34,0
618,3.085,57,0
619,3.09,58,0
620,3.095,67,0
621,3.1,74,0
622,3.105,85,0
623,3.11,56,0
624,3.115,77,0
625,3.12,69,0
626,3.125,58,0
627,3.13,59,0
628,3.135,28,0
629,3.14,60,0
630,3.145,30,0
631,3.15,76,0
632,3.155,61,0
633,3.16,73,0
634,3.165,53,0
635,3.17,62,0
636,3.175,69,0
637,3.18,66,0
638,3.185,77,0
639,3.19,78,0
640,3.195,36,0
641,3.2,53,0
642,3.205,38,0
643,3.21,48,0
644,3.215,43,0
645,3.22,76,0
646,3.225,57,0
647,3.23,72,0
648,3.235,43,0
649,3.24,59,0
650,3.245,55,0
651,3.25,28,0
652,3.255,66,0
653,3.26,28,0
654,3.265,80,0
655,3.27,61,0
656,3.275,96,0
657,3.28,36,0
658,3.285,58,0
659,3.29,46,0
660,3.295,73,0
661,3.3,56,0
662,3.305,53,0
663,3.31,67,0
664,3.315,63,0
665,3.32,71,0
666,3.325,83,0.3
667,3.33,54,0
668,3.335,52,0
669,3.34,71,0
670,3.345,76,0
671,3.35,69,0
672,3.355,36,0
673,3.36,114,0
674,3.365,59,0
675,3.37,74,0.3
676,3.375,64,0
677,3.38,97,0
678,3.385,70,0
679,3.39,52,0
680,3.395,59,0
681,3.4,48,0
682,3.405,49,0
683,3.41,77,0
684,3.415,47,0
685,3.42,67,0
686,3.425,36,0
687,3.43,42,0
688,3.435,48,0
689,3.44,83,0
690,3.445,55,0
691,3.45,47,0
692,3.455,60,0
693,3.46,69,0
694,3.465,53,0
695,3.47,66,0
696,3.475,75,0
697,3.48,72,0
698,3.485,45,0
699,3.49,57,0
700,3.495,43,0
701,3.5,31,0
702,3.505,52,0
703,3.51,55,0
704,3.515,56,0
705,3.52,71,0
706,3.525,49,0
707,3.53,60,0
708,3.535,60,0
709,3.54,69,0
710,3.545,92,0
711,3.55,67,0
712,3.555,75,0
713,3.56,49,0
714,3.565,65,0
715,3.57,50,0
716,3.575,58,0
717,3.58,77,0
718,3.585,44,0
719,3.59,76,0
720,3.595,86,0
721,3.6,55,0
722,3.605,52,0
723,3.61,67,0
724,3.615,53,0.3
725,3.62,74,0
726,3.625,68,0
727,3.63,68,0
728,3.635,66,0
729,3.64,41,0
730,3.645,50,0
731,3.65,25,0
732,3.655,45,0
733,3.66,54,0
734,3.665,64,0
735,3.67,102,0
736,3.675,60,0
737,3.68,79,0
738,3.685,25,0
739,3.69,60,0
740,3.695,54,0
741,3.7,42,0
742,3.705,80,0
743,3.71,71,0
744,3.715,49,0
745,3.72,105,0
746,3.725,34,0
747,3.73,62,0
748,3.735,60,0
749,3.74,59,0
750,3.745,35,0
751,3.75,72,0
752,3.755,74,0
753,3.76,60,0
754,3.765,24,0
755,3.77,49,0
756,3.775,52,0
757,3.78,72,0
758,3.785,80,0
759,3.79,72,0
760,3.795,64,0
761,3.8,100,0
762,3.805,58,0
763,3.81,69,0
764,3.815,27,0
765,3.82,33,0
766,3.825,53,0
767,3.83,77,0
768,3.835,44,0
769,3.84,36,0
770,3.845,59,0
771,3.85,54,0
772,3.855,53,0
773,3.86,73,0.3
774,3.865,42,0
775,3.87,51,0
776,3.875,64,0
777,3.88,42,0
778,3.885,47,0
779,3.89,65,0
780,3.895,65,0
781,3.9,52,0
782,3.905,40,0
783,3.91,37,0
784,3.915,62,0
785,3.92,54,0
786,3.925,56,0.3
787,3.93,40,0
788,3.935,49,0
789,3.94,53,0
790,3.945,45,0
791,3.95,71,0
792,3.955,69,0
793,3.96,85,0
794,3.965,88,0
795,3.97,51,0
796,3.975,62,0
797,3.98,61,0
798,3.985,21,0
799,3.99,54,0
800,3.995,69,0
801,4,69,0
802,4.005,53,0.3
803,4.01,80,0
804,4.015,86,0.3
805,4.02,68,0
806,4.025,56,0
807,4.03,46,0
808,4.035,53,0
809,4.04,63,0
810,4.045,78,0
811,4.05,35,0
812,4.055,28,0
813,4.06,67,0
814,4.065,26,0
815,4.07,43,0
816,4.075,62,0
817,4.08,45,0
818,4.085,61,0
819,4.09,32,0
820,4.095,66,0
821,4.1,46,0
822,4.105,63,0
823,4.11,44,0
824,4.115,70,0
825,4.12,43,0
826,4.125,51,0
827,4.13,49,0
828,4.135,33,0
829,4.14,58,0
830,4.145,47,0
831,4.15,63,0
832,4.155,51,0
833,4.16,37,0
834,4.165,37,0
835,4.17,51,0
836,4.175,38,0
837,4.18,54,0
838,4.185,42,0
839,4.19,43,0
840,4.195,80,0
841,4.2,46,0
842,4.205,64,0
843,4.21,53,0
844,4.215,89,0
845,4.22,57,0
846,4.225,54,0
847,4.23,83,0
848,4.235,79,0
849,4.24,92,0
850,4.245,42,0
851,4.25,25,0
852,4.255,79,0
853,4.26,63,0
854,4.265,48,0
855,4.27,51,0
856,4.275,43,0
857,4.28,87,0
858,4.285,51,0
859,4.29,43,0
860,4.295,38,0
861,4.3,24,0
862,4.305,49,0
863,4.31,34,0
864,4.315,50,0
865,4.32,56,0
866,4.325,64,0
867,4.33,52,0
868,4.335,46,0
869,4.34,62,0
870,4.345,70,0
871,4.35,65,0
872,4.355,79,0
873,4.36,33,0
874,4.365,80,0
875,4.37,39,0
876,4.375,76,0
877,4.38,44,0
878,4.385,64,0
879,4.39,44,0
880,4.395,55,0
881,4.4,72,0
882,4.405,79,0
883,4.41,43,0
884,4.415,36,0
885,4.42,80,0
886,4.425,85,0
887,4.43,54,0
888,4.435,56,0
889,4.44,39,0
890,4.445,88,0
891,4.45,67,0
892,4.455,77,0
893,4.46,26,0
894,4.465,67,0
895,4.47,45,0
896,4.475,50,0
897,4.48,44,0
898,4.485,66,0
899,4.49,35,0
900,4.495,55,0
901,4.5,49,0
902,4.505,44,0
903,4.51,63,0
904,4.515,83,0
905,4.52,64,0
906,4.525,57,0
907,4.53,97,0
908,4.535,55,0
909,4.54,59,0
910,4.545,39,0
911,4.55,55,0
912,4.555,26,0
913,4.56,49,0
914,4.565,63,0
915,4.57,41,0
916,4.575,54,0.3
917,4.58,40,0
918,4.585,38,0
919,4.59,76,0
920,4.595,66,0
921,4.6,47,0
922,4.605,60,0
923,4.61,58,0
924,4.615,56,0
925,4.62,23,0
926,4.625,47,0
927,4.63,55,0
928,4.635,87,0
929,4.64,58,0
930,4.645,67,0
931,4.65,40,0
932,4.655,46,0
933,4.66,57,0
934,4.665,67,0
935,4.67,72,0
936,4.675,47,0
937,4.68,34,0
938,4.685,79,0
939,4.69,55,0
940,4.695,29,0
941,4.7,52,0
942,4.705,62,0
943,4.71,45,0
944,4.715,75,0
945,4.72,34,0
946,4.725,37,0
947,4.73,39,0
948,4.735,50,0
949,4.74,67,0
950,4.745,62,0
951,4.75,81,0
952,4.755,44,0
953,4.76,41,0
954,4.765,61,0
955,4.77,42,0
956,4.775,54,0
957,4.78,60,0
958,4.785,22,0
959,4.79,71,0
960,4.795,29,0
961,4.8,63,0
962,4.805,45,0
963,4.81,57,0
964,4.815,50,0
965,4.82,82,0
966,4.825,43,0
967,4.83,65,0
968,4.835,50,0
969,4.84,43,0
970,4.845,74,0
971,4.85,68,0
972,4.855,60,0
973,4.86,66,0
974,4.865,73,0
975,4.87,30,0
976,4.875,37,0
977,4.88,59,0
978,4.885,43,0
979,4.89,43,0
980,4.895,43,0
981,4.9,64,0
982,4.905,63,0
983,4.91,50,0
984,4.915,43,0
985,4.92,29,0
986,4.925,40,0
987,4.93,51,0
988,4.935,59,0
989,4.94,69,0
990,4.945,88,0
991,4.95,49,0
992,4.955,55,0
993,4.96,64,0
994,4.965,63,0
995,4.97,64,0
996,4.975,36,0
997,4.98,101,0
998,4.985,69,0
999,4.99,69,0
1000,4.995,52,0
1001,5,56,0
1002,5.005,47,0
1003,5.01,96,0
1004,5.015,37,0
1005,5.02,50,0
1006,5.025,48,0
1007,5.03,80,0
1008,5.035,90,0
1009,5.04,58,0.3
1010,5.045,42,0
1011,5.05,67,0
1012,5.055,47,0
1013,5.06,54,0
1014,5.065,60,0
1015,5.07,23,0
1016,5.075,69,0
1017,5.08,58,0
1018,5.085,63,0
1019,5.09,48,0
1020,5.095,48,0
1021,5.1,56,0
1022,5.105,35,0
1023,5.11,74,0
1024,5.115,74,0
1025,5.12,68,0
1026,5.125,64,0
1027,5.13,34,0
1028,5.135,40,0
1029,5.14,54,0
1030,5.145,47,0
1031,5.15,71,0
1032,5.155,91,0
1033,5.16,59,0
1034,5.165,83,0
1035,5.17,78,0
1036,5.175,71,0
1037,5.18,60,0
1038,5.185,73,0
1039,5.19,55,0
1040,5.195,42,0
1041,5.2,82,0.3
1042,5.205,42,0
1043,5.21,57,0
1044,5.215,59,0
1045,5.22,64,0
1046,5.225,40,0
1047,5.23,72,0
1048,5.235,42,0
1049,5.24,68,0
1050,5.245,48,0
1051,5.25,52,0
1052,5.255,48,0
1053,5.26,74,0
1054,5.265,44,0
1055,5.27,69,0
1056,5.275,81,0
1057,5.28,71,0
1058,5.285,61,0
1059,5.29,43,0
1060,5.295,64,0
1061,5.3,24,0
1062,5.305,76,0
1063,5.31,101,0
1064,5.315,70,0
1065,5.32,80,0
1066,5.325,61,0
1067,5.33,22,0
1068,5.335,51,0
1069,5.34,50,0
1070,5.345,72,0
1071,5.35,76,0
1072,5.355,77,0
1073,5.36,68,0
1074,5.365,95,0
1075,5.37,37,0
1076,5.375,42,0
1077,5.38,56,0
1078,5.385,72,0
1079,5.39,47,0
1080,5.395,73,0
1081,5.4,69,0
1082,5.405,52,0
1083,5.41,40,0
1084,5.415,88,0
1085,5.42,51,0
1086,5.425,46,0
1087,5.43,95,1.3
1088,5.435,104,1.1
1089,5.44,81,1.3
1090,5.445,73,1.4
1091,5.45,99,1.5
1092,5.455,108,1.9
1093,5.46,91,1.9
1094,5.465,118,1.9
1095,5.47,100,1.9
1096,5.475,114,2
1097,5.48,97,2
1098,5.485,103,2
1099,5.49,104,2.1
1100,5.495,98,2.1
1101,5.5,99,2.1
1102,5.505,97,2.2
1103,5.51,97,2.2
1104,5.515,117,2.2
1105,5.52,122,2.3
1106,5.525,84,2.2
1107,5.53,92,2.3
1108,5.535,97,2.3
1109,5.54,112,2.3
1110,5.545,125,2.3
1111,5.55,118,2.4
1112,5.555,103,2.4
1113,5.56,84,2.4
1114,5.565,110,2.4
1115,5.57,127,2.5
1116,5.575,111,2.5
1117,5.58,125,2.5
1118,5.585,120,2.5
1119,5.59,115,2.6
1120,5.595,108,2.5
1121,5.6,108,2.5
1122,5.605,118,2.5
1123,5.61,127,2.5
1124,5.615,123,2.6
1125,5.62,135,2.5
1126,5.625,104,2.6
1127,5.63,107,2.6
1128,5.635,112,2.6
1129,5.64,144,2.6
1130,5.645,106,2.6
1131,5.65,98,2.7
1132,5.655,94,2.6
1133,5.66,101,2.6
1134,5.665,100,2.7
1135,5.67,102,2.7
1136,5.675,121,2.7
1137,5.68,112,2.7
1138,5.685,138,2.7
1139,5.69,102,2.7
1140,5.695,128,2.7
1141,5.7,121,2.6
1142,5.705,97,2.6
1143,5.71,115,2.6
1144,5.715,109,2.6
1145,5.72,128,2.6
1146,5.725,125,2.6
1147,5.73,106,2.5
1148,5.735,87,2.6
1149,5.74,120,2.5
1150,5.745,146,2.5
1151,5.75,104,2.5
1152,5.755,99,2.5
1153,5.76,115,2.5
1154,5.765,102,2.5
1155,5.77,114,2.5
1156,5.775,101,2.5
1157,5.78,104,2.5
1158,5.785,107,2.5
1159,5.79,114,2.5
1160,5.795,126,2.5
1161,5.8,113,2.5
1162,5.805,120,2.5
1163,5.81,107,2.5
1164,5.815,108,2.5
1165,5.82,141,2.4
1166,5.825,145,2.5
1167,5.83,79,2.5
1168,5.835,138,2.5
1169,5.84,108,2.4
1170,5.845,94,2.4
1171,5.85,140,2.5
1172,5.855,113,2.5
1173,5.86,148,2.5
1174,5.865,101,2.4
1175,5.87,107,2.5
1176,5.875,112,2.5
1177,5.88,127,2.5
1178,5.885,112,2.5
1179,5.89,112,2.4
1180,5.895,129,2.4
1181,5.9,116,2.5
1182,5.905,111,2.4
1183,5.91,109,2.4
1184,5.915,119,2.4
1185,5.92,127,2.4
1186,5.925,117,2.4
1187,5.93,103,2.4
1188,5.935,110,2.4
1189,5.94,107,2.4
1190,5.945,110,2.4
1191,5.95,91,2.4
1192,5.955,120,2.4
1193,5.96,108,2.4
1194,5.965,129,2.3
1195,5.97,112,2.4
1196,5.975,86,2.4
1197,5.98,77,2.3
1198,5.985,122,2.2
1199,5.99,105,2.2
1200,5.995,98,2.1
1201,6,112,2
1202,6.005,111,1.9
1203,6.01,96,1.8
1204,6.015,110,1.7
1205,6.02,99,1.6
1206,6.025,103,1.3
1207,6.03,67,1.2
1208,6.035,74,1.1
1209,6.04,63,1.1
1210,6.045,85,0.7
1211,6.05,98,0.5
1212,6.055,51,0
1213,6.06,71,0
1214,6.065,41,0
1215,6.07,26,0
1216,6.075,41,0
1217,6.08,48,0
1218,6.085,60,0
1219,6.09,33,0
1220,6.095,53,0
1221,6.1,61,0
1222,6.105,37,0
1223,6.11,62,0
1224,6.115,37,0
1225,6.12,43,0
1226,6.125,30,0
1227,6.13,62,0
1228,6.135,106,0
1229,6.14,52,0
1230,6.145,54,0
1231,6.15,60,0
1232,6.155,65,0
1233,6.16,48,0
1234,6.165,36,0
1235,6.17,50,0
1236,6.175,79,0
1237,6.18,33,0
1238,6.185,23,0
1239,6.19,53,0
1240,6.195,50,0
1241,6.2,56,0
1242,6.205,42,0
1243,6.21,51,0
1244,6.215,30,0
1245,6.22,50,0
1246,6.225,39,0
1247,6.23,23,0
1248,6.235,61,0
1249,6.24,69,0
1250,6.245,66,0
1251,6.25,49,0
1252,6.255,35,0
1253,6.26,72,0
1254,6.265,76,0
1255,6.27,84,0
1256,6.275,75,0
1257,6.28,50,0
1258,6.285,28,0
1259,6.29,79,0
1260,6.295,52,0
1261,6.3,58,0
1262,6.305,60,0
1263,6.31,70,0
1264,6.315,56,0
1265,6.32,58,0
1266,6.325,38,0
1267,6.33,72,0
1268,6.335,49,0
1269,6.34,39,0
1270,6.345,60,0
1271,6.35,74,0
1272,6.355,70,0
1273,6.36,38,0
1274,6.365,44,0
1275,6.37,49,0
1276,6.375,78,0
1277,6.38,54,0
1278,6.385,58,0
1279,6.39,68,0
1280,6.395,76,0
1281,6.4,56,0
1282,6.405,88,0
1283,6.41,78,0
1284,6.415,53,0
1285,6.42,63,0
1286,6.425,65,0
1287,6.43,64,0
1288,6.435,57,0
1289,6.44,50,0
1290,6.445,77,0
1291,6.45,70,0
1292,6.455,78,0
1293,6.46,63,0
1294,6.465,73,0
1295,6.47,71,0
1296,6.475,80,0
1297,6.48,39,0
1298,6.485,60,0
1299,6.49,82,0
1300,6.495,67,0
1301,6.5,42,0
1302,6.505,75,0
1303,6.51,64,0
1304,6.515,97,0
1305,6.52,58,0
1306,6.525,68,0
1307,6.53,80,0
1308,6.535,45,0
1309,6.54,71,0
1310,6.545,91,0
1311,6.55,70,0
1312,6.555,45,0
1313,6.56,79,0
1314,6.565,79,0
1315,6.57,38,0
1316,6.575,44,0
1317,6.58,47,0
1318,6.585,83,0
1319,6.59,35,0
1320,6.595,115,0
1321,6.6,69,0
1322,6.605,55,0
1323,6.61,53,0
1324,6.615,76,0
1325,6.62,73,0
1326,6.625,74,0
1327,6.63,54,0
1328,6.635,55,0
1329,6.64,70,0
1330,6.645,70,0
1331,6.65,49,0
1332,6.655,52,0
1333,6.66,82,0
1334,6.665,72,0
1335,6.67,55,0
1336,6.675,77,0
1337,6.68,75,0
1338,6.685,65,0
1339,6.69,80,0
1340,6.695,84,0
1341,6.7,42,0
1342,6.705,68,0
1343,6.71,81,0
1344,6.715,59,0
1345,6.72,60,0
1346,6.725,55,0
1347,6.73,74,0
1348,6.735,82,0
1349,6.74,73,0
1350,6.745,92,0
1351,6.75,57,0
1352,6.755,47,0
1353,6.76,64,0
1354,6.765,58,0
1355,6.77,67,0
1356,6.775,82,0
1357,6.78,28,0
1358,6.785,81,0
1359,6.79,58,0
1360,6.795,66,0
1361,6.8,70,0
1362,6.805,58,0
1363,6.81,41,0
1364,6.815,85,0
1365,6.82,46,0
1366,6.825,93,1.6
1367,6.83,83,0.8
1368,6.835,76,1.1
1369,6.84,96,1.2
1370,6.845,95,1.4
1371,6.85,93,1.5
1372,6.855,73,1.6
1373,6.86,112,1.9
1374,6.865,115,1.9
1375,6.87,116,2
1376,6.875,133,2.1
1377,6.88,122,2.1
1378,6.885,139,2.1
1379,6.89,138,2.2
1380,6.895,110,2.2
1381,6.9,90,2.2
1382,6.905,108,2.2
1383,6.91,112,2.3
1384,6.915,118,2.3
1385,6.92,131,2.3
1386,6.925,113,2.3
1387,6.93,104,2.3
1388,6.935,98,2.3
1389,6.94,110,2.3
1390,6.945,132,2.2
1391,6.95,145,2.2
1392,6.955,120,2.3
1393,6.96,157,2.3
1394,6.965,108,2.3
1395,6.97,111,2.3
1396,6.975,104,2.3
1397,6.98,107,2.3
1398,6.985,116,2.3
1399,6.99,132,2.3
1400,6.995,127,2.3
1401,7,151,2.3
1402,7.005,129,2.3
1403,7.01,99,2.3
1404,7.015,98,2.3
1405,7.02,169,2.3
1406,7.025,127,2.4
1407,7.03,95,2.4
1408,7.035,122,2.4
1409,7.04,112,2.4
1410,7.045,102,2.5
1411,7.05,124,2.5
1412,7.055,129,2.5
1413,7.06,134,2.5
1414,7.065,97,2.6
1415,7.07,115,2.6
1416,7.075,114,2.6
1417,7.08,131,2.6
1418,7.085,109,2.6
1419,7.09,144,2.6
1420,7.095,103,2.6
1421,7.1,123,2.6
1422,7.105,122,2.7
1423,7.11,110,2.6
1424,7.115,123,2.7
1425,7.12,136,2.7
1426,7.125,142,2.7
1427,7.13,127,2.7
1428,7.135,111,2.7
1429,7.14,115,2.7
1430,7.145,102,2.7
1431,7.15,131,2.7
1432,7.155,123,2.7
1433,7.16,114,2.7
1434,7.165,95,2.7
1435,7.17,116,2.7
1436,7.175,139,2.7
1437,7.18,140,2.7
1438,7.185,124,2.7
1439,7.19,136,2.7
1440,7.195,136,2.7
1441,7.2,125,2.7
1442,7.205,129,2.7
1443,7.21,126,2.7
1444,7.215,126,2.6
1445,7.22,124,2.6
1446,7.225,110,2.6
1447,7.23,126,2.6
1448,7.235,115,2.6
1449,7.24,126,2.6
1450,7.245,130,2.6
1451,7.25,126,2.6
1452,7.255,124,2.7
1453,7.26,144,2.7
1454,7.265,113,2.7
1455,7.27,124,2.7
1456,7.275,132,2.7
1457,7.28,132,2.7
1458,7.285,123,2.7
1459,7.29,120,2.6
1460,7.295,151,2.6
1461,7.3,145,2.7
1462,7.305,99,2.6
1463,7.31,91,2.6
1464,7.315,149,2.6
1465,7.32,131,2.6
1466,7.325,114,2.6
1467,7.33,135,2.6
1468,7.335,142,2.7
1469,7.34,123,2.7
1470,7.345,119,2.6
1471,7.35,135,2.6
1472,7.355,137,2.7
1473,7.36,123,2.6
1474,7.365,128,2.6
1475,7.37,114,2.6
1476,7.375,131,2.7
1477,7.38,121,2.6
1478,7.385,109,2.6
1479,7.39,109,2.6
1480,7.395,127,2.6
1481,7.4,137,2.6
1482,7.405,141,2.6
1483,7.41,100,2.6
1484,7.415,116,2.6
1485,7.42,133,2.7
1486,7.425,104,2.5
1487,7.43,148,2.6
1488,7.435,127,2.6
1489,7.44,128,2.6
1490,7.445,118,2.6
1491,7.45,112,2.6
1492,7.455,116,2.6
1493,7.46,113,2.6
1494,7.465,126,2.6
1495,7.47,104,2.5
1496,7.475,164,2.5
1497,7.48,103,2.5
1498,7.485,136,2.5
1499,7.49,100,2.4
1500,7.495,126,2.4
1501,7.5,108,2.3
1502,7.505,108,2
1503,7.51,120,1.9
1504,7.515,107,1.8
1505,7.52,99,1.7
1506,7.525,87,1.5
1507,7.53,80,1.4
1508,7.535,89,1.3
1509,7.54,82,1.2
1510,7.545,71,1.1
1511,7.55,65,0.8
1512,7.555,81,1
1513,7.56,72,0.7
1514,7.565,82,0.6
1515,7.57,94,0.6
1516,7.575,57,0.5
1517,7.58,69,0.3
1518,7.585,75,0.3
1519,7.59,54,0.3
1520,7.595,51,0.3
1521,7.6,56,0.3
1522,7.605,71,0.3
1523,7.61,61,0.3
1524,7.615,88,0.3
1525,7.62,41,0.3
1526,7.625,61,0.3
1527,7.63,85,0
1528,7.635,58,0
1529,7.64,52,0.3
1530,7.645,49,0
1531,7.65,43,0
1532,7.655,75,0
1533,7.66,63,0
1534,7.665,74,0
1535,7.67,65,0
1536,7.675,47,0
1537,7.68,60,0
1538,7.685,80,0
1539,7.69,67,0.3
1540,7.695,59,0
1541,7.7,68,0
1542,7.705,64,0
1543,7.71,63,0
1544,7.715,66,0
1545,7.72,75,0
1546,7.725,50,0
1547,7.73,65,0
1548,7.735,52,0
1549,7.74,96,0.3
1550,7.745,49,0
1551,7.75,56,0
1552,7.755,58,0
1553,7.76,60,0
1554,7.765,47,0
1555,7.77,49,0
1556,7.775,55,0
1557,7.78,73,0
1558,7.785,64,0
1559,7.79,50,0
1560,7.795,69,0
1561,7.8,81,0
1562,7.805,51,0
1563,7.81,59,0
1564,7.815,15,0
1565,7.82,61,0
1566,7.825,69,0
1567,7.83,30,0
1568,7.835,28,0
1569,7.84,43,0
1570,7.845,93,0
1571,7.85,36,0
1572,7.855,75,0
1573,7.86,48,0
1574,7.865,54,0
1575,7.87,72,0
1576,7.875,61,0
1577,7.88,57,0
1578,7.885,65,0
1579,7.89,39,0
1580,7.895,73,0
1581,7.9,49,0
1582,7.905,64,0
1583,7.91,56,0
1584,7.915,28,0
1585,7.92,33,0
1586,7.925,70,0
1587,7.93,45,0
1588,7.935,36,0
1589,7.94,26,0
1590,7.945,39,0
1591,7.95,36,0
1592,7.955,42,0
1593,7.96,32,0
1594,7.965,63,0
1595,7.97,76,0
1596,7.975,43,0
1597,7.98,37,0
1598,7.985,60,0
1599,7.99,44,0
1600,7.995,66,0
1601,8,31,0
1602,8.005,48,0
1603,8.01,70,0
1604,8.015,45,0
1605,8.02,56,0
1606,8.025,69,0
1607,8.03,64,0
1608,8.035,55,0
1609,8.04,34,0
1610,8.045,83,0
1611,8.05,55,0
1612,8.055,76,0
1613,8.06,61,0
1614,8.065,58,0
1615,8.07,95,0
1616,8.075,41,0
1617,8.08,37,0
1618,8.085,53,0
1619,8.09,54,0
1620,8.095,51,0
1621,8.1,45,0
1622,8.105,69,0
1623,8.11,55,0
1624,8.115,28,0
1625,8.12,33,0
1626,8.125,47,0
1627,8.13,76,0
1628,8.135,74,0
1629,8.14,52,0
1630,8.145,45,0
1631,8.15,65,0
1632,8.155,46,0
1633,8.16,42,0
1634,8.165,59,0
1635,8.17,62,0
1636,8.175,49,0
1637,8.18,56,0
1638,8.185,41,0
1639,8.19,56,0
1640,8.195,43,0
1641,8.2,62,0
1642,8.205,83,0
1643,8.21,80,0
1644,8.215,61,0
1645,8.22,71,0
1646,8.225,45,0
1647,8.23,64,0
1648,8.235,54,0
1649,8.24,59,0
1650,8.245,70,0
1651,8.25,48,0
1652,8.255,43,0
1653,8.26,51,0
1654,8.265,74,0
1655,8.27,47,0
1656,8.275,88,0
1657,8.28,52,0
1658,8.285,81,0
1659,8.29,57,0
1660,8.295,28,0
1661,8.3,31,0
1662,8.305,54,0
1663,8.31,58,0
1664,8.315,52,0
1665,8.32,54,0
1666,8.325,51,0
1667,8.33,91,0
1668,8.335,44,0
1669,8.34,56,0
1670,8.345,49,0
1671,8.35,70,0
1672,8.355,52,0
1673,8.36,70,0
1674,8.365,53,0
1675,8.37,66,0
1676,8.375,77,0.8
1677,8.38,96,0.9
1678,8.385,56,1
1679,8.39,99,1.1
1680,8.395,75,1.2
1681,8.4,96,1.3
1682,8.405,68,1.4
1683,8.41,86,1.4
1684,8.415,99,1.5
1685,8.42,118,1.8
1686,8.425,86,1.8
1687,8.43,128,1.9
1688,8.435,114,1.6
1689,8.44,100,1.9
1690,8.445,80,1.9
1691,8.45,127,1.9
1692,8.455,99,1.9
1693,8.46,107,1.9
1694,8.465,106,2
1695,8.47,95,2
1696,8.475,96,2
1697,8.48,146,2
1698,8.485,139,2
1699,8.49,97,2
1700,8.495,114,2
1701,8.5,129,2.1
1702,8.505,97,2.1
1703,8.51,120,2.1
1704,8.515,114,2.1
1705,8.52,106,2.1
1706,8.525,88,2.1
1707,8.53,112,2.1
1708,8.535,107,2.1
1709,8.54,87,2.1
1710,8.545,117,2.1
1711,8.55,97,2.1
1712,8.555,152,2.1
1713,8.56,102,2.1
1714,8.565,98,2.1
1715,8.57,109,2.1
1716,8.575,140,2.1
1717,8.58,122,2.2
1718,8.585,118,2.2
1719,8.59,128,2.2
1720,8.595,98,2.2
1721,8.6,86,2.2
1722,8.605,127,2.2
1723,8.61,108,2.2
1724,8.615,109,2.2
1725,8.62,107,2.3
1726,8.625,121,2.3
1727,8.63,98,2.2
1728,8.635,102,2.3
1729,8.64,137,2.2
1730,8.645,134,2.2
1731,8.65,120,2.2
1732,8.655,120,2.2
1733,8.66,94,2.2
1734,8.665,128,2.2
1735,8.67,117,2.3
1736,8.675,101,2.3
1737,8.68,83,2.3
1738,8.685,106,2.3
1739,8.69,101,2.3
1740,8.695,98,2.3
1741,8.7,112,2.3
1742,8.705,114,2.3
1743,8.71,133,2.3
1744,8.715,145,2.3
1745,8.72,105,2.3
1746,8.725,107,2.3
1747,8.73,113,2.3
1748,8.735,134,2.3
1749,8.74,134,2.3
1750,8.745,109,2.3
1751,8.75,98,2.3
1752,8.755,121,2.3
1753,8.76,102,2.3
1754,8.765,145,2.3
1755,8.77,140,2.3
1756,8.775,137,2.3
1757,8.78,115,2.3
1758,8.785,135,2.3
1759,8.79,96,2.3
1760,8.795,125,2.3
1761,8.8,107,2.3
1762,8.805,143,2.3
1763,8.81,127,2.3
1764,8.815,117,2.3
1765,8.82,143,2.3
1766,8.825,119,2.3
1767,8.83,125,2.3
1768,8.835,135,2.3
1769,8.84,129,2.3
1770,8.845,113,2.3
1771,8.85,132,2.3
1772,8.855,97,2.3
1773,8.86,119,2.3
1774,8.865,116,2.3
1775,8.87,110,2.3
1776,8.875,116,2.3
1777,8.88,107,2.3
1778,8.885,129,2.3
1779,8.89,134,2.3
1780,8.895,102,2.3
1781,8.9,106,2.3
1782,8.905,109,2.3
1783,8.91,122,2.3
1784,8.915,113,2.3
1785,8.92,115,2.3
1786,8.925,127,2.3
1787,8.93,108,2.3
1788,8.935,98,2.3
1789,8.94,98,2.3
1790,8.945,108,2.3
1791,8.95,128,2.3
1792,8.955,121,2.4
1793,8.96,109,2.3
1794,8.965,131,2.3
1795,8.97,133,2.3
1796,8.975,85,2.3
1797,8.98,94,2.3
1798,8.985,98,2.3
1799,8.99,113,2.3
1800,8.995,123,2.3
1801,9,101,2.3
1802,9.005,106,2.3
1803,9.01,122,2.3
1804,9.015,109,2.3
1805,9.02,120,2.3
1806,9.025,103,2.3
1807,9.03,130,2.3
1808,9.035,126,2.3
1809,9.04,113,2.3
1810,9.045,154,2.2
1811,9.05,119,2.2
1812,9.055,115,2.1
1813,9.06,106,2.1
1814,9.065,91,2.1
1815,9.07,111,2.1
1816,9.075,85,2
1817,9.08,87,1.9
1818,9.085,101,1.8
1819,9.09,90,1.5
1820,9.095,99,1.6
1821,9.1,80,1.6
1822,9.105,92,0.9
1823,9.11,86,0.9
1824,9.115,66,0.8
1825,9.12,81,0.7
1826,9.125,84,0.7
1827,9.13,98,0.6
1828,9.135,63,0.5
1829,9.14,72,0.5
1830,9.145,61,0.5
1831,9.15,71,0.3
1832,9.155,66,0.3
1833,9.16,41,0.3
1834,9.165,48,0.3
1835,9.17,45,0.3
1836,9.175,82,0.3
1837,9.18,68,0.3
1838,9.185,72,0.3
1839,9.19,48,0.3
1840,9.195,50,0.3
1841,9.2,47,0.3
1842,9.205,53,0.3
1843,9.21,45,0.3
1844,9.215,58,0.3
1845,9.22,59,0.3
1846,9.225,58,0.3
1847,9.23,72,0.3
1848,9.235,58,0
1849,9.24,63,0.3
1850,9.245,42,0
1851,9.25,56,0.3
1852,9.255,60,0.3
1853,9.26,50,0.2
1854,9.265,65,0.3
1855,9.27,43,0
1856,9.275,54,0.2
1857,9.28,56,0
1858,9.285,48,0
1859,9.29,54,0.3
1860,9.295,48,0
1861,9.3,72,0.3
1862,9.305,56,0
1863,9.31,60,0
1864,9.315,63,0
1865,9.32,56,0.3
1866,9.325,38,0
1867,9.33,63,0
1868,9.335,62,0
1869,9.34,55,0.2
1870,9.345,49,0
1871,9.35,37,0
1872,9.355,55,0
1873,9.36,54,0
1874,9.365,69,0.3
1875,9.37,50,0
1876,9.375,57,0
1877,9.38,75,0
1878,9.385,24,0
1879,9.39,30,0
1880,9.395,51,0
1881,9.4,47,0
1882,9.405,68,0
1883,9.41,64,0
1884,9.415,58,0
1885,9.42,60,0
1886,9.425,57,0
1887,9.43,35,0
1888,9.435,48,0
1889,9.44,57,0
1890,9.445,43,0
1891,9.45,51,0
1892,9.455,65,0
1893,9.46,92,0
1894,9.465,70,0
1895,9.47,40,0
1896,9.475,82,0
1897,9.48,67,0
1898,9.485,55,0
1899,9.49,47,0
1900,9.495,63,0
1901,9.5,52,0
1902,9.505,68,0
1903,9.51,81,0
1904,9.515,111,0
1905,9.52,80,0
1906,9.525,60,0
1907,9.53,68,0
1908,9.535,66,0
1909,9.54,52,0
1910,9.545,42,0
1911,9.55,45,0
1912,9.555,67,0
1913,9.56,43,0
1914,9.565,37,0
1915,9.57,57,0
1916,9.575,61,0
1917,9.58,68,0
1918,9.585,57,0
1919,9.59,63,0
1920,9.595,52,0
1921,9.6,65,0
1922,9.605,46,0
1923,9.61,71,0
1924,9.615,51,0
1925,9.62,57,0
1926,9.625,60,0
1927,9.63,43,0
1928,9.635,49,0
1929,9.64,60,0
1930,9.645,61,0
1931,9.65,52,0
1932,9.655,55,0
1933,9.66,56,0
1934,9.665,51,0
1935,9.67,46,0
1936,9.675,80,0
1937,9.68,43,0
1938,9.685,35,0
1939,9.69,54,0
1940,9.695,59,0
1941,9.7,59,0
1942,9.705,45,0
1943,9.71,54,0
1944,9.715,53,0
1945,9.72,37,0
1946,9.725,61,0
1947,9.73,53,0
1948,9.735,121,0
1949,9.74,65,0
1950,9.745,34,0
1951,9.75,33,0
1952,9.755,72,0
1953,9.76,81,0
1954,9.765,57,0
1955,9.77,60,0
1956,9.775,36,0
1957,9.78,53,0
1958,9.785,61,0
1959,9.79,68,0
1960,9.795,58,0
1961,9.8,80,0
1962,9.805,85,0
1963,9.81,38,0
1964,9.815,40,0
1965,9.82,45,0
1966,9.825,47,0
1967,9.83,68,0.2
1968,9.835,79,0.9
1969,9.84,48,1
1970,9.845,81,1.2
1971,9.85,108,1.2
1972,9.855,71,1.4
1973,9.86,117,1.5
1974,9.865,95,1.5
1975,9.87,116,1.6
1976,9.875,105,1.6
1977,9.88,85,1.7
1978,9.885,78,1.8
1979,9.89,118,1.8
1980,9.895,91,1.9
1981,9.9,105,1.9
1982,9.905,102,2
1983,9.91,105,2
1984,9.915,118,2
1985,9.92,104,2
1986,9.925,102,2
1987,9.93,113,2.1
1988,9.935,101,2.1
1989,9.94,111,2.1
1990,9.945,86,2.1
1991,9.95,98,2.1
1992,9.955,106,2.1
1993,9.96,110,2.4
1994,9.965,119,2.1
1995,9.97,102,2.1
1996,9.975,128,2.1
1997,9.98,133,2.4
1998,9.985,104,2.1
1999,9.99,128,2.4
2000,9.995,113,2.4
2001,10,111,2.4
2002,10.005,110,2.4
2003,10.01,127,2.5
2004,10.015,126,2.5
2005,10.02,119,2.5
2006,10.025,114,2.5
2007,10.03,115,2.5
2008,10.035,95,2.5
2009,10.04,122,2.5
2010,10.045,150,2.5
2011,10.05,106,2.5
2012,10.055,126,2.5
2013,10.06,122,2.5
2014,10.065,107,2.5
2015,10.07,141,2.6
2016,10.075,116,2.6
2017,10.08,109,2.4
2018,10.085,106,2.6
2019,10.09,129,2.7
2020,10.095,123,2.7
2021,10.1,123,2.7
2022,10.105,136,2.4
2023,10.11,122,2.4
2024,10.115,131,2.5
2025,10.12,121,2.5
2026,10.125,139,2.7
2027,10.13,128,2.7
2028,10.135,124,2.7
2029,10.14,151,2.7
2030,10.145,155,2.7
2031,10.15,120,2.7
2032,10.155,118,2.7
2033,10.16,123,2.7
2034,10.165,127,2.7
2035,10.17,159,2.7
2036,10.175,111,2.7
2037,10.18,92,2.7
2038,10.185,101,2.7
2039,10.19,107,2.7
2040,10.195,121,2.5
2041,10.2,128,2.5
2042,10.205,114,2.7
2043,10.21,147,2.7
2044,10.215,132,2.7
2045,10.22,138,2.7
2046,10.225,133,2.5
2047,10.23,135,2.5
2048,10.235,122,2.5
2049,10.24,116,2.5
2050,10.245,121,2.5
2051,10.25,134,2.5
2052,10.255,119,2.5
2053,10.26,105,2.5
2054,10.265,109,2.5
2055,10.27,114,2.5
2056,10.275,100,2.5
2057,10.28,105,2.5
2058,10.285,106,2.5
2059,10.29,111,2.5
2060,10.295,137,2.5
2061,10.3,140,2.5
2062,10.305,116,2.4
2063,10.31,128,2.5
2064,10.315,121,2.4
2065,10.32,111,2.4
2066,10.325,120,2.7
2067,10.33,137,2.4
2068,10.335,104,2.4
2069,10.34,108,2.4
2070,10.345,130,2.4
2071,10.35,118,2.4
2072,10.355,134,2.4
2073,10.36,106,2.4
2074,10.365,112,2.4
2075,10.37,101,2.4
2076,10.375,115,2.4
2077,10.38,109,2.4
2078,10.385,124,2.4
2079,10.39,128,2.7
2080,10.395,131,2.7
2081,10.4,121,2.5
2082,10.405,108,2.7
2083,10.41,144,2.4
2084,10.415,122,2.5
2085,10.42,140,2.7
2086,10.425,129,2.7
2087,10.43,137,2.7
2088,10.435,134,2.7
2089,10.44,119,2.7
2090,10.445,146,2.7
2091,10.45,111,2.7
2092,10.455,126,2.7
2093,10.46,119,2.7
2094,10.465,133,2.7
2095,10.47,134,2.7
2096,10.475,118,2.7
2097,10.48,128,2.6
2098,10.485,136,2.6
2099,10.49,147,2.6
2100,10.495,119,2.6
2101,10.5,114,2.6
2102,10.505,104,2.6
2103,10.51,117,2.6
2104,10.515,161,2.6
2105,10.52,122,2.6
2106,10.525,153,2.6
2107,10.53,100,2.6
2108,10.535,142,2.6
2109,10.54,114,2.6
2110,10.545,114,2.6
2111,10.55,105,2.6
2112,10.555,110,2.6
2113,10.56,117,2.6
2114,10.565,138,2.6
2115,10.57,136,2.6
2116,10.575,107,2.5
2117,10.58,111,2.5
2118,10.585,128,2.5
2119,10.59,125,2.5
2120,10.595,110,2.5
2121,10.6,117,2.5
2122,10.605,124,2.5
2123,10.61,80,2.5
2124,10.615,105,2.5
2125,10.62,131,2.5
2126,10.625,116,2.4
2127,10.63,105,2.3
2128,10.635,103,1.8
2129,10.64,98,1.9
2130,10.645,84,1.8
2131,10.65,112,1.8
2132,10.655,98,1.4
2133,10.66,106,1.3
2134,10.665,83,1.2
2135,10.67,100,1.1
2136,10.675,75,1
2137,10.68,87,0.9
2138,10.685,67,0.9
2139,10.69,66,0.7
2140,10.695,72,0.7
2141,10.7,90,0.6
2142,10.705,85,0.5
2143,10.71,87,0.5
2144,10.715,72,0.5
2145,10.72,75,0.5
2146,10.725,75,0.5
2147,10.73,93,0.5
2148,10.735,65,0.5
2149,10.74,70,0.5
2150,10.745,75,0.5
2151,10.75,85,0.5
2152,10.755,59,0.5
2153,10.76,63,0.5
2154,10.765,53,0.3
2155,10.77,66,0.3
2156,10.775,55,0.3
2157,10.78,34,0.3
2158,10.785,44,0.3
2159,10.79,54,0.3
2160,10.795,72,0.3
2161,10.8,86,0.3
2162,10.805,91,0.3
2163,10.81,65,0.3
2164,10.815,63,0.3
2165,10.82,58,0.3
2166,10.825,74,0.3
2167,10.83,63,0.3
2168,10.835,59,0.3
2169,10.84,72,0.3
2170,10.845,43,0.3
2171,10.85,61,0.3
2172,10.855,50,0
2173,10.86,46,0
2174,10.865,84,0
2175,10.87,80,0.3
2176,10.875,79,0.3
2177,10.88,60,0.3
2178,10.885,64,0.3
2179,10.89,62,0.3
2180,10.895,73,0.3
2181,10.9,74,0.3
2182,10.905,28,0
2183,10.91,87,0.3
2184,10.915,79,0.3
2185,10.92,50,0
2186,10.925,66,0.3
2187,10.93,80,0
2188,10.935,38,0
2189,10.94,36,0
2190,10.945,37,0
2191,10.95,46,0.3
2192,10.955,73,0.3
2193,10.96,42,0.3
2194,10.965,53,0.3
2195,10.97,54,0.3
2196,10.975,57,0.3
2197,10.98,62,0.3
2198,10.985,76,0.3
2199,10.99,53,0
2200,10.995,50,0.3
2201,11,85,0.3
2202,11.005,50,0.3
2203,11.01,66,0.3
2204,11.015,78,0.3
2205,11.02,35,0
2206,11.025,69,0.3
2207,11.03,46,0
2208,11.035,54,0
2209,11.04,53,0
2210,11.045,67,0
2211,11.05,60,0
2212,11.055,71,0
2213,11.06,101,0
2214,11.065,54,0
2215,11.07,83,0.5
2216,11.075,71,0.3
2217,11.08,48,0
2218,11.085,58,0
2219,11.09,75,0.3
2220,11.095,103,0
2221,11.1,69,0
2222,11.105,82,0.3
2223,11.11,30,0.3
2224,11.115,75,0
2225,11.12,70,0
2226,11.125,79,0
2227,11.13,59,0
2228,11.135,20,0
2229,11.14,38,0
2230,11.145,74,0
2231,11.15,53,0
2232,11.155,78,0.3
2233,11.16,53,0.3
2234,11.165,67,0.3
2235,11.17,50,0
2236,11.175,33,0
2237,11.18,45,0
2238,11.185,68,0
2239,11.19,46,0.3
2240,11.195,45,0
2241,11.2,62,0.3
2242,11.205,54,0
2243,11.21,60,0
2244,11.215,72,0
2245,11.22,75,0
2246,11.225,43,0
2247,11.23,40,0
2248,11.235,33,0.3
2249,11.24,40,0
2250,11.245,69,0
2251,11.25,82,0
2252,11.255,100,0.3
2253,11.26,57,0.3
2254,11.265,73,0
2255,11.27,78,0
2256,11.275,64,0
2257,11.28,70,0
2258,11.285,73,0
2259,11.29,42,0
2260,11.295,60,0
2261,11.3,90,0
2262,11.305,49,0
2263,11.31,48,0.3
2264,11.315,70,0
2265,11.32,45,0
2266,11.325,69,0
2267,11.33,41,0.3
2268,11.335,55,0
2269,11.34,52,0
2270,11.345,49,0
2271,11.35,52,0
2272,11.355,65,0.3
2273,11.36,34,0
2274,11.365,70,0
2275,11.37,48,0.3
2276,11.375,73,0
2277,11.38,48,0
2278,11.385,52,0.3
2279,11.39,69,0
2280,11.395,59,0
2281,11.4,95,0.3
2282,11.405,76,0.3
2283,11.41,100,1
2284,11.415,68,0.9
2285,11.42,92,1.1
2286,11.425,127,1.2
2287,11.43,65,1.3
2288,11.435,93,1.4
2289,11.44,81,1.4
2290,11.445,115,1.5
2291,11.45,105,1.6
2292,11.455,95,1.6
2293,11.46,94,1.7
2294,11.465,111,1.7
2295,11.47,81,1.8
2296,11.475,98,1.8
2297,11.48,96,1.9
2298,11.485,113,1.9
2299,11.49,130,1.9
2300,11.495,113,2
2301,11.5,117,2
2302,11.505,117,2
2303,11.51,127,2
2304,11.515,125,2
2305,11.52,131,2
2306,11.525,118,2
2307,11.53,95,2
2308,11.535,143,2
2309,11.54,92,2
2310,11.545,93,2
2311,11.55,119,2.1
2312,11.555,96,2.1
2313,11.56,127,2.1
2314,11.565,111,2.1
2315,11.57,114,2.1
2316,11.575,128,2.1
2317,11.58,131,2.2
2318,11.585,116,2.2
2319,11.59,105,2.2
2320,11.595,125,2.2
2321,11.6,100,2.3
2322,11.605,98,2.3
2323,11.61,129,2.3
2324,11.615,101,2.3
2325,11.62,124,2.3
2326,11.625,109,2.3
2327,11.63,115,2.3
2328,11.635,121,2.3
2329,11.64,140,2.6
2330,11.645,97,2.3
2331,11.65,109,2.4
2332,11.655,114,2.4
2333,11.66,114,2.4
2334,11.665,110,2.4
2335,11.67,105,2.4
2336,11.675,128,2.4
2337,11.68,112,2.4
2338,11.685,126,2.7
2339,11.69,118,2.7
2340,11.695,105,2.4
2341,11.7,113,2.4
2342,11.705,119,2.4
2343,11.71,108,2.4
2344,11.715,103,2.4
2345,11.72,121,2.4
2346,11.725,121,2.4
2347,11.73,84,2.4
2348,11.735,122,2.4
2349,11.74,104,2.4
2350,11.745,103,2.4
2351,11.75,118,2.4
2352,11.755,112,2.4
2353,11.76,104,2.4
2354,11.765,142,2.4
2355,11.77,128,2.5
2356,11.775,105,2.4
2357,11.78,104,2.4
2358,11.785,117,2.4
2359,11.79,145,2.4
2360,11.795,136,2.4
2361,11.8,117,2.4
2362,11.805,103,2.4
2363,11.81,141,2.4
2364,11.815,109,2.4
2365,11.82,118,2.4
2366,11.825,134,2.4
2367,11.83,120,2.4
2368,11.835,108,2.4
2369,11.84,99,2.4
2370,11.845,109,2.4
2371,11.85,109,2.4
2372,11.855,102,2.4
2373,11.86,133,2.4
2374,11.865,128,2.4
2375,11.87,108,2.4
2376,11.875,124,2.4
2377,11.88,121,2.4
2378,11.885,115,2.4
2379,11.89,132,2.4
2380,11.895,133,2.4
2381,11.9,102,2.4
2382,11.905,125,2.4
2383,11.91,126,2.4
2384,11.915,99,2.4
2385,11.92,137,2.4
2386,11.925,105,2.5
2387,11.93,107,2.4
2388,11.935,102,2.5
2389,11.94,97,2.4
2390,11.945,133,2.5
2391,11.95,142,2.5
2392,11.955,112,2.5
2393,11.96,146,2.5
2394,11.965,102,2.4
2395,11.97,137,2.4
2396,11.975,131,2.5
2397,11.98,124,2.4
2398,11.985,152,2.4
2399,11.99,123,2.4
2400,11.995,137,2.4
2401,12,120,2.4
2402,12.005,132,2.4
2403,12.01,108,2.4
2404,12.015,119,2.4
2405,12.02,91,2.3
2406,12.025,113,2.3
2407,12.03,110,2.3
2408,12.035,145,2.3
2409,12.04,122,2.3
2410,12.045,104,2.3
2411,12.05,136,2.3
2412,12.055,131,2.3
2413,12.06,99,2.2
2414,12.065,123,2.2
2415,12.07,91,2.2
2416,12.075,110,2.1
2417,12.08,80,2.1
2418,12.085,116,2.1
2419,12.09,106,2
2420,12.095,96,2
2421,12.1,84,2
2422,12.105,132,2.2
2423,12.11,105,2
2424,12.115,101,1.9
2425,12.12,136,1.9
2426,12.125,107,1.9
2427,12.13,114,1.8
2428,12.135,123,1.8
2429,12.14,91,1.8
2430,12.145,110,1.7
2431,12.15,106,1.7
2432,12.155,107,1.6
2433,12.16,86,1.6
2434,12.165,119,1.6
2435,12.17,83,1.4
2436,12.175,92,1.4
2437,12.18,78,1.2
2438,12.185,66,0.9
2439,12.19,83,0.7
2440,12.195,81,0.7
2441,12.2,80,0.6
2442,12.205,68,0.5
2443,12.21,76,0.5
2444,12.215,75,0.5
2445,12.22,59,0.5
2446,12.225,39,0.5
2447,12.23,46,0.3
2448,12.235,61,0.3
2449,12.24,64,0.5
2450,12.245,61,0.5
2451,12.25,47,0.3
2452,12.255,75,0.3
2453,12.26,66,0.3
2454,12.265,68,0.3
2455,12.27,59,0.3
2456,12.275,57,0.5
2457,12.28,24,0.5
2458,12.285,95,0.5
2459,12.29,63,0.3
2460,12.295,43,0.3
2461,12.3,106,0.3
2462,12.305,52,0.3
2463,12.31,93,0.3
2464,12.315,103,0
2465,12.32,37,0.3
2466,12.325,66,0
2467,12.33,64,0
2468,12.335,42,0.3
2469,12.34,61,0.3
2470,12.345,65,0
2471,12.35,63,0.3
2472,12.355,57,0
2473,12.36,97,0.3
2474,12.365,70,0.3
2475,12.37,74,0.3
2476,12.375,47,0.3
2477,12.38,68,0
2478,12.385,75,0
2479,12.39,64,0
2480,12.395,37,0.3
2481,12.4,69,0.3
2482,12.405,63,0
2483,12.41,40,0
2484,12.415,38,0.3
2485,12.42,52,0.3
2486,12.425,37,0
2487,12.43,41,0.3
2488,12.435,47,0
2489,12.44,74,0.3
2490,12.445,39,0
2491,12.45,64,0
2492,12.455,59,0
2493,12.46,22,0
2494,12.465,66,0
2495,12.47,76,0
2496,12.475,54,0
2497,12.48,60,0
2498,12.485,75,0
2499,12.49,76,0.3
2500,12.495,47,0
2501,12.5,53,0.3
2502,12.505,58,0
2503,12.51,33,0
2504,12.515,33,0
2505,12.52,60,0
2506,12.525,44,0.3
2507,12.53,70,0
2508,12.535,58,0
2509,12.54,54,0
2510,12.545,77,0
2511,12.55,79,0
2512,12.555,39,0
2513,12.56,51,0
2514,12.565,59,0
2515,12.57,47,0
2516,12.575,53,0
2517,12.58,39,0
2518,12.585,61,0
2519,12.59,64,0
2520,12.595,55,0
2521,12.6,96,0
2522,12.605,48,0
2523,12.61,70,0
2524,12.615,36,0
2525,12.62,62,0
2526,12.625,49,0
2527,12.63,73,0
2528,12.635,45,0
2529,12.64,56,0
2530,12.645,64,0
2531,12.65,32,0
2532,12.655,49,0
2533,12.66,49,0
2534,12.665,74,0
2535,12.67,63,0
2536,12.675,103,0
2537,12.68,36,0
2538,12.685,41,0
2539,12.69,57,0
2540,12.695,53,0
2541,12.7,36,0
2542,12.705,53,0
2543,12.71,81,0
2544,12.715,60,0
2545,12.72,53,0
2546,12.725,52,0
2547,12.73,57,0
2548,12.735,57,0
2549,12.74,38,0
2550,12.745,62,0
2551,12.75,60,0
2552,12.755,31,0
2553,12.76,52,0
2554,12.765,74,0
2555,12.77,68,0
2556,12.775,27,0
2557,12.78,33,0
2558,12.785,75,0
2559,12.79,47,0
2560,12.795,74,0
2561,12.8,47,0
2562,12.805,63,0
2563,12.81,57,0
2564,12.815,48,0
2565,12.82,59,0
2566,12.825,58,0
2567,12.83,54,0
2568,12.835,62,0
2569,12.84,32,0
2570,12.845,55,0
2571,12.85,67,0
2572,12.855,84,0
2573,12.86,79,0
2574,12.865,47,0
2575,12.87,47,0
2576,12.875,77,0.9
2577,12.88,108,0.7
2578,12.885,83,1
2579,12.89,129,1.1
2580,12.895,69,1.2
2581,12.9,65,1.3
2582,12.905,108,1.4
2583,12.91,97,1.5
2584,12.915,95,1.5
2585,12.92,99,1.6
2586,12.925,95,1.6
2587,12.93,84,1.6
2588,12.935,78,1.7
2589,12.94,88,1.7
2590,12.945,100,1.8
2591,12.95,102,1.8
2592,12.955,137,1.8
2593,12.96,104,1.8
2594,12.965,114,1.8
2595,12.97,105,1.8
2596,12.975,115,1.8
2597,12.98,102,1.8
2598,12.985,109,1.9
2599,12.99,123,1.9
2600,12.995,91,1.8
2601,13,101,1.8
2602,13.005,89,1.9
2603,13.01,74,1.6
2604,13.015,103,1.8
2605,13.02,116,1.9
2606,13.025,116,1.9
2607,13.03,126,1.9
2608,13.035,92,1.9
2609,13.04,96,1.9
2610,13.045,122,1.9
2611,13.05,113,2
2612,13.055,79,2
2613,13.06,109,2
2614,13.065,80,2
2615,13.07,115,2
2616,13.075,121,2
2617,13.08,118,2
2618,13.085,103,2
2619,13.09,101,2
2620,13.095,109,2
2621,13.1,93,2
2622,13.105,117,2
2623,13.11,113,2
2624,13.115,130,2
2625,13.12,114,2
2626,13.125,108,2.1
2627,13.13,92,2.1
2628,13.135,127,2.1
2629,13.14,126,2.1
2630,13.145,118,2.1
2631,13.15,98,2
2632,13.155,103,2.1
2633,13.16,101,2.1
2634,13.165,90,2
2635,13.17,96,2.1
2636,13.175,126,2.1
2637,13.18,118,2.1
2638,13.185,112,2.1
2639,13.19,112,2
2640,13.195,94,2
2641,13.2,113,2
2642,13.205,100,2
2643,13.21,94,2
2644,13.215,113,2
2645,13.22,103,2
2646,13.225,77,2
2647,13.23,88,2
2648,13.235,132,2.1
2649,13.24,90,2
2650,13.245,145,2
2651,13.25,102,2
2652,13.255,100,2
2653,13.26,99,2
2654,13.265,115,2
2655,13.27,132,2
2656,13.275,97,2
2657,13.28,136,2
2658,13.285,109,2
2659,13.29,81,2
2660,13.295,100,2
2661,13.3,119,2
2662,13.305,131,2
2663,13.31,123,2
2664,13.315,124,2
2665,13.32,110,2
2666,13.325,101,2
2667,13.33,95,2
2668,13.335,119,2
2669,13.34,101,2
2670,13.345,133,2
2671,13.35,104,2
2672,13.355,99,2
2673,13.36,102,2
2674,13.365,130,2
2675,13.37,124,2
2676,13.375,85,2
2677,13.38,110,2
2678,13.385,125,2
2679,13.39,102,2
2680,13.395,117,2
2681,13.4,132,2
2682,13.405,99,2
2683,13.41,112,2
2684,13.415,136,2
2685,13.42,132,2
2686,13.425,120,2
2687,13.43,104,2
2688,13.435,116,2
2689,13.44,99,1.9
2690,13.445,119,1.9
2691,13.45,107,1.9
2692,13.455,118,1.9
2693,13.46,136,1.9
2694,13.465,93,1.8
2695,13.47,124,1.8
2696,13.475,104,1.8
2697,13.48,107,1.8
2698,13.485,75,1.5
2699,13.49,74,1.7
2700,13.495,93,1.7
2701,13.5,88,1.7
2702,13.505,97,1.4
2703,13.51,75,1.4
2704,13.515,88,1.4
2705,13.52,93,1.3
2706,13.525,106,1.3
2707,13.53,86,1.2
2708,13.535,74,1.1
2709,13.54,122,1.1
2710,13.545,99,0.9
2711,13.55,49,0.9
2712,13.555,91,0.7
2713,13.56,50,0.7
2714,13.565,89,0.6
2715,13.57,75,0.5
2716,13.575,62,0.5
2717,13.58,66,0.5
2718,13.585,60,0.5
2719,13.59,70,0.5
2720,13.595,72,0.3
2721,13.6,62,0.5
2722,13.605,83,0.5
2723,13.61,45,0.3
2724,13.615,28,0
2725,13.62,67,0.3
2726,13.625,53,0.5
2727,13.63,63,0.3
2728,13.635,29,0.2
2729,13.64,64,0
2730,13.645,43,0.2
2731,13.65,51,0
2732,13.655,43,0
2733,13.66,41,0
2734,13.665,68,0
2735,13.67,54,0
2736,13.675,44,0
2737,13.68,50,0
2738,13.685,67,0
2739,13.69,52,0
2740,13.695,58,0
2741,13.7,64,0
2742,13.705,44,0
2743,13.71,58,0
2744,13.715,70,0.2
2745,13.72,76,0.2
2746,13.725,56,0.2
2747,13.73,60,0
2748,13.735,70,0.2
2749,13.74,42,0.2
2750,13.745,65,0
2751,13.75,39,0
2752,13.755,48,0
2753,13.76,74,0
2754,13.765,48,0
2755,13.77,85,0.2
2756,13.775,60,0.2
2757,13.78,39,0.2
2758,13.785,44,0
2759,13.79,43,0
2760,13.795,43,0
2761,13.8,36,0
2762,13.805,49,0
2763,13.81,29,0
2764,13.815,50,0
2765,13.82,49,0
2766,13.825,72,0
2767,13.83,62,0
2768,13.835,65,0
2769,13.84,29,0
2770,13.845,46,0
2771,13.85,55,0
2772,13.855,64,0
2773,13.86,60,0
2774,13.865,51,0
2775,13.87,39,0
2776,13.875,73,0
2777,13.88,50,0
2778,13.885,44,0
2779,13.89,42,0.3
2780,13.895,34,0
2781,13.9,34,0
2782,13.905,51,0
2783,13.91,61,0
2784,13.915,48,0
2785,13.92,56,0
2786,13.925,43,0
2787,13.93,63,0
2788,13.935,45,0
2789,13.94,51,0
2790,13.945,49,0
2791,13.95,41,0
2792,13.955,71,0
2793,13.96,54,0
2794,13.965,64,0.2
2795,13.97,39,0
2796,13.975,46,0.2
2797,13.98,40,0
2798,13.985,62,0
2799,13.99,65,0
2800,13.995,39,0
2801,14,44,0
2802,14.005,33,0.2
2803,14.01,58,0
2804,14.015,61,0.2
2805,14.02,56,0
2806,14.025,66,0
2807,14.03,57,0
2808,14.035,59,0
2809,14.04,67,0
2810,14.045,36,0.2
2811,14.05,34,0
2812,14.055,84,0
2813,14.06,50,0
2814,14.065,45,0
2815,14.07,45,0
2816,14.075,55,0
2817,14.08,77,0
2818,14.085,94,0
2819,14.09,47,0
2820,14.095,52,0
2821,14.1,60,0
2822,14.105,60,0
2823,14.11,58,0
2824,14.115,36,0
2825,14.12,66,0
2826,14.125,69,0
2827,14.13,59,0
2828,14.135,48,0
2829,14.14,52,0
2830,14.145,26,0
2831,14.15,56,0
2832,14.155,45,0
2833,14.16,43,0
2834,14.165,30,0
2835,14.17,59,0
2836,14.175,68,0
2837,14.18,39,0
2838,14.185,54,0
2839,14.19,59,0
2840,14.195,33,0
2841,14.2,40,0
2842,14.205,51,0
2843,14.21,96,0
2844,14.215,112,0
2845,14.22,74,0
2846,14.225,77,0
2847,14.23,55,0
2848,14.235,71,0
2849,14.24,69,0
2850,14.245,49,0
2851,14.25,36,0
2852,14.255,79,0
2853,14.26,58,0.2
2854,14.265,49,0
2855,14.27,43,0
2856,14.275,77,0
2857,14.28,87,0
2858,14.285,54,0
2859,14.29,46,0
2860,14.295,98,0
2861,14.3,26,0
2862,14.305,56,0
2863,14.31,55,0
2864,14.315,60,0
2865,14.32,46,0
2866,14.325,52,0
2867,14.33,54,0
2868,14.335,61,0
2869,14.34,56,0
2870,14.345,84,0
2871,14.35,54,0
2872,14.355,49,0
2873,14.36,21,0
2874,14.365,38,0
2875,14.37,66,0
2876,14.375,61,0
2877,14.38,75,0
2878,14.385,56,0
2879,14.39,70,0
2880,14.395,57,0
2881,14.4,33,0
2882,14.405,30,0
2883,14.41,49,0
2884,14.415,41,0
2885,14.42,37,0
2886,14.425,43,0
2887,14.43,54,0
2888,14.435,76,0.5
2889,14.44,107,0.5
2890,14.445,74,0.9
2891,14.45,99,1
2892,14.455,81,1.1
2893,14.46,76,1.2
2894,14.465,109,1.3
2895,14.47,98,1.4
2896,14.475,102,1.4
2897,14.48,110,1.5
2898,14.485,109,1.6
2899,14.49,109,1.7
2900,14.495,109,1.7
2901,14.5,101,1.7
2902,14.505,70,1.8
2903,14.51,98,1.8
2904,14.515,112,1.8
2905,14.52,87,1.9
2906,14.525,100,1.9
2907,14.53,84,1.9
2908,14.535,105,1.9
2909,14.54,119,1.9
2910,14.545,82,1.9
2911,14.55,99,1.9
2912,14.555,101,1.9
2913,14.56,112,2
2914,14.565,123,2
2915,14.57,117,2
2916,14.575,126,2
2917,14.58,99,2
2918,14.585,131,2.2
2919,14.59,115,2.2
2920,14.595,103,2.1
2921,14.6,97,2.2
2922,14.605,150,2.1
2923,14.61,119,2.1
2924,14.615,120,2.2
2925,14.62,112,2.3
2926,14.625,121,2.3
2927,14.63,126,2.2
2928,14.635,126,2.2
2929,14.64,134,2.3
2930,14.645,122,2.3
2931,14.65,103,2.3
2932,14.655,113,2.3
2933,14.66,112,2.3
2934,14.665,117,2.3
2935,14.67,100,2.4
2936,14.675,118,2.4
2937,14.68,142,2.4
2938,14.685,133,2.4
2939,14.69,176,2.4
2940,14.695,129,2.4
2941,14.7,124,2.5
2942,14.705,139,2.5
2943,14.71,133,2.5
2944,14.715,138,2.5
2945,14.72,124,2.5
2946,14.725,139,2.5
2947,14.73,137,2.5
2948,14.735,121,2.4
2949,14.74,129,2.5
2950,14.745,147,2.5
2951,14.75,114,2.5
2952,14.755,134,2.4
2953,14.76,97,2.4
2954,14.765,164,2.5
2955,14.77,139,2.5
2956,14.775,112,2.5
2957,14.78,155,2.5
2958,14.785,105,2.5
2959,14.79,102,2.5
2960,14.795,123,2.5
2961,14.8,144,2.5
2962,14.805,130,2.5
2963,14.81,103,2.4
2964,14.815,130,2.5
2965,14.82,118,2.5
2966,14.825,128,2.5
2967,14.83,122,2.5
2968,14.835,113,2.5
2969,14.84,96,2.5
2970,14.845,123,2.5
2971,14.85,112,2.5
2972,14.855,100,2.5
2973,14.86,149,2.5
2974,14.865,113,2.5
2975,14.87,107,2.5
2976,14.875,105,2.5
2977,14.88,122,2.5
2978,14.885,128,2.5
2979,14.89,134,2.5
2980,14.895,118,2.5
2981,14.9,104,2.5
2982,14.905,120,2.5
2983,14.91,99,2.5
2984,14.915,124,2.5
2985,14.92,133,2.5
2986,14.925,143,2.5
2987,14.93,122,2.5
2988,14.935,130,2.5
2989,14.94,118,2.5
2990,14.945,129,2.5
2991,14.95,126,2.5
2992,14.955,96,2.5
2993,14.96,108,2.5
2994,14.965,101,2.5
2995,14.97,143,2.5
2996,14.975,109,2.5
2997,14.98,114,2.5
2998,14.985,121,2.5
2999,14.99,99,2.5
3000,14.995,110,2.5
3001,15,155,2.5
3002,15.005,106,2.5
3003,15.01,130,2.5
3004,15.015,142,2.5
3005,15.02,127,2.5
3006,15.025,120,2.4
3007,15.03,119,2.4
3008,15.035,113,2.3
3009,15.04,113,2.3
3010,15.045,111,2.2
3011,15.05,77,2.1
3012,15.055,124,2
3013,15.06,99,1.9
3014,15.065,124,1.8
3015,15.07,100,1.7
3016,15.075,85,1.5
3017,15.08,135,1.4
3018,15.085,81,1.3
3019,15.09,55,1
3020,15.095,78,0.9
3021,15.1,81,0.7
3022,15.105,87,0.9
3023,15.11,101,0.6
3024,15.115,61,0.2
3025,15.12,79,0
3026,15.125,51,0
3027,15.13,58,0.3
3028,15.135,44,0.2
3029,15.14,70,0
3030,15.145,66,0
3031,15.15,84,0.2
3032,15.155,102,0.2
3033,15.16,47,0.2
3034,15.165,92,0.2
3035,15.17,42,0.2
3036,15.175,41,0.2
3037,15.18,71,0.2
3038,15.185,56,0.2
3039,15.19,84,0.2
3040,15.195,58,0.2
3041,15.2,59,0.2
3042,15.205,49,0.2
3043,15.21,49,0.2
3044,15.215,74,0.2
3045,15.22,56,0
3046,15.225,61,0.2
3047,15.23,35,0.2
3048,15.235,60,0
3049,15.24,48,0
3050,15.245,45,0
3051,15.25,77,0
3052,15.255,33,0
3053,15.26,71,0
3054,15.265,37,0
3055,15.27,70,0.2
3056,15.275,31,0
3057,15.28,61,0
3058,15.285,53,0
3059,15.29,39,0
3060,15.295,60,0
3061,15.3,37,0.2
3062,15.305,54,0
3063,15.31,20,0
3064,15.315,62,0
3065,15.32,77,0
3066,15.325,47,0
3067,15.33,58,0
3068,15.335,72,0
3069,15.34,50,0
3070,15.345,48,0
3071,15.35,43,0
3072,15.355,83,0
3073,15.36,83,0
3074,15.365,60,0
3075,15.37,46,0
3076,15.375,70,0
3077,15.38,65,0
3078,15.385,72,0
3079,15.39,86,0
3080,15.395,27,0
3081,15.4,37,0
3082,15.405,29,0
3083,15.41,47,0
3084,15.415,39,0
3085,15.42,39,0
3086,15.425,59,0
3087,15.43,77,0
3088,15.435,29,0
3089,15.44,60,0
3090,15.445,72,0
3091,15.45,39,0
3092,15.455,51,0
3093,15.46,57,0
3094,15.465,51,0
3095,15.47,56,0
3096,15.475,65,0
3097,15.48,44,0
3098,15.485,49,0
3099,15.49,58,0
3100,15.495,50,0
3101,15.5,52,0
3102,15.505,38,0
3103,15.51,28,0
3104,15.515,72,0
3105,15.52,60,0
3106,15.525,56,0
3107,15.53,64,0
3108,15.535,48,0
3109,15.54,48,0
3110,15.545,55,0
3111,15.55,61,0
3112,15.555,41,0
3113,15.56,30,0
3114,15.565,61,0
3115,15.57,43,0
3116,15.575,73,0
3117,15.58,56,0
3118,15.585,45,0
3119,15.59,59,0
3120,15.595,70,0
3121,15.6,38,0
3122,15.605,24,0
3123,15.61,45,0
3124,15.615,52,0
3125,15.62,56,0
3126,15.625,54,0
3127,15.63,36,0
3128,15.635,47,0
3129,15.64,39,0
3130,15.645,61,0
3131,15.65,61,0.3
3132,15.655,65,0
3133,15.66,57,0
3134,15.665,91,0
3135,15.67,72,0
3136,15.675,58,0
3137,15.68,57,0
3138,15.685,73,0
3139,15.69,52,0
3140,15.695,54,0
3141,15.7,60,0
3142,15.705,88,0
3143,15.71,67,0
3144,15.715,78,0
3145,15.72,83,0
3146,15.725,69,0
3147,15.73,76,0
3148,15.735,45,0
3149,15.74,87,0
3150,15.745,60,0
3151,15.75,69,0
3152,15.755,79,0
3153,15.76,38,0
3154,15.765,57,0.2
3155,15.77,46,0.2
3156,15.775,126,0.9
3157,15.78,99,0.7
3158,15.785,86,0.8
3159,15.79,81,1
3160,15.795,70,1.1
3161,15.8,103,1.2
3162,15.805,113,1.3
3163,15.81,82,1.4
3164,15.815,83,1.5
3165,15.82,84,1.6
3166,15.825,107,1.7
3167,15.83,102,1.7
3168,15.835,116,1.8
3169,15.84,117,1.8
3170,15.845,98,1.9
3171,15.85,121,2.1
3172,15.855,109,2.1
3173,15.86,118,2.2
3174,15.865,100,2.2
3175,15.87,100,2.1
3176,15.875,100,2.2
3177,15.88,99,2.2
3178,15.885,116,2.2
3179,15.89,113,2.1
3180,15.895,90,2.1
3181,15.9,127,2.1
3182,15.905,134,2.1
3183,15.91,94,2.1
3184,15.915,129,2.1
3185,15.92,102,2.1
3186,15.925,136,2.1
3187,15.93,118,2.1
3188,15.935,80,2.1
3189,15.94,100,2.1
3190,15.945,120,2.1
3191,15.95,95,2.1
3192,15.955,121,2.1
3193,15.96,100,2.1
3194,15.965,92,2.1
3195,15.97,107,2.1
3196,15.975,108,2.2
3197,15.98,132,2.2
3198,15.985,127,2.2
3199,15.99,117,2.2
3200,15.995,98,2.2
3201,16,87,2.2
3202,16.005,113,2.2
3203,16.01,106,2.2
3204,16.015,114,2.2
3205,16.02,121,2.2
3206,16.025,109,2.2
3207,16.03,108,2.2
3208,16.035,89,2.2
3209,16.04,129,2.2
3210,16.045,86,2.2
3211,16.05,110,2.2
3212,16.055,120,2.2
3213,16.06,127,2.2
3214,16.065,112,2.2
3215,16.07,114,2.2
3216,16.075,134,2.2
3217,16.08,118,2.2
3218,16.085,128,2.2
3219,16.09,126,2.2
3220,16.095,94,2.2
3221,16.1,83,2.2
3222,16.105,128,2.3
3223,16.11,70,2.3
3224,16.115,119,2.3
3225,16.12,111,2.3
3226,16.125,120,2.3
3227,16.13,110,2.3
3228,16.135,143,2.3
3229,16.14,120,2.3
3230,16.145,145,2.3
3231,16.15,113,2.3
3232,16.155,111,2.3
3233,16.16,107,2.3
3234,16.165,99,2.3
3235,16.17,111,2.3
3236,16.175,111,2.3
3237,16.18,117,2.3
3238,16.185,119,2.3
3239,16.19,106,2.3
3240,16.195,127,2.3
3241,16.2,92,2.3
3242,16.205,141,2.3
3243,16.21,132,2.3
3244,16.215,102,2.3
3245,16.22,133,2.3
3246,16.225,138,2.3
3247,16.23,111,2.3
3248,16.235,102,2.3
3249,16.24,132,2.3
3250,16.245,105,2.3
3251,16.25,135,2.3
3252,16.255,98,2.3
3253,16.26,113,2.3
3254,16.265,123,2.3
3255,16.27,121,2.3
3256,16.275,121,2.3
3257,16.28,106,2.3
3258,16.285,120,2.3
3259,16.29,142,2.3
3260,16.295,123,2.3
3261,16.3,104,2.3
3262,16.305,114,2.3
3263,16.31,125,2.3
3264,16.315,109,2.3
3265,16.32,148,2.2
3266,16.325,117,2.2
3267,16.33,111,2.2
3268,16.335,142,2.1
3269,16.34,88,2.1
3270,16.345,113,2.1
3271,16.35,112,2.1
3272,16.355,106,2.1
3273,16.36,107,2
3274,16.365,113,2
3275,16.37,113,1.9
3276,16.375,90,1.8
3277,16.38,100,1.7
3278,16.385,123,1.6
3279,16.39,97,1.5
3280,16.395,112,1.4
3281,16.4,112,1.1
3282,16.405,77,1
3283,16.41,79,1.1
3284,16.415,95,1.1
3285,16.42,101,0.9
3286,16.425,70,0.7
3287,16.43,56,0.8
3288,16.435,43,0.5
3289,16.44,75,0.5
3290,16.445,77,0.5
3291,16.45,40,0.2
3292,16.455,67,0.5
3293,16.46,36,0
3294,16.465,34,0
3295,16.47,56,0
3296,16.475,59,0
3297,16.48,128,0.2
3298,16.485,73,0.2
3299,16.49,53,0.2
3300,16.495,57,0.2
3301,16.5,67,0.2
3302,16.505,47,0.2
3303,16.51,41,0.2
3304,16.515,58,0.2
3305,16.52,48,0.2
3306,16.525,46,0
3307,16.53,54,0.2
3308,16.535,73,0
3309,16.54,64,0
3310,16.545,72,0.2
3311,16.55,58,0.2
3312,16.555,44,0.2
3313,16.56,87,0.2
3314,16.565,101,0.2
3315,16.57,80,0.2
3316,16.575,79,0
3317,16.58,87,0.2
3318,16.585,72,0.2
3319,16.59,70,0
3320,16.595,70,0
3321,16.6,58,0.2
3322,16.605,64,0.2
3323,16.61,71,0
3324,16.615,76,0.2
3325,16.62,60,0
3326,16.625,48,0
3327,16.63,62,0.2
3328,16.635,56,0
3329,16.64,54,0
3330,16.645,37,0
3331,16.65,64,0
3332,16.655,56,0
3333,16.66,75,0
3334,16.665,40,0
3335,16.67,58,0
3336,16.675,37,0
3337,16.68,90,0
3338,16.685,74,0
3339,16.69,63,0
3340,16.695,101,0
3341,16.7,52,0
3342,16.705,44,0
3343,16.71,70,0
3344,16.715,69,0
3345,16.72,39,0
3346,16.725,75,0
3347,16.73,85,0
3348,16.735,88,0
3349,16.74,56,0
3350,16.745,39,0
3351,16.75,42,0
3352,16.755,54,0
3353,16.76,49,0
3354,16.765,45,0
3355,16.77,43,0
3356,16.775,47,0
3357,16.78,51,0
3358,16.785,46,0
3359,16.79,69,0
3360,16.795,64,0
3361,16.8,47,0
3362,16.805,70,0
3363,16.81,69,0
3364,16.815,65,0
3365,16.82,50,0
3366,16.825,59,0
3367,16.83,86,0.2
3368,16.835,27,0
3369,16.84,64,0
3370,16.845,41,0
3371,16.85,65,0
3372,16.855,55,0
3373,16.86,52,0
3374,16.865,38,0
3375,16.87,62,0
3376,16.875,50,0
3377,16.88,52,0
3378,16.885,46,0
3379,16.89,49,0
3380,16.895,60,0
3381,16.9,88,0
3382,16.905,68,0.2
3383,16.91,60,0
3384,16.915,77,0
3385,16.92,64,0
3386,16.925,44,0
3387,16.93,52,0
3388,16.935,63,0
3389,16.94,59,0
3390,16.945,48,0
3391,16.95,67,0
3392,16.955,51,0
3393,16.96,57,0
3394,16.965,62,0
3395,16.97,78,0.2
3396,16.975,65,0
3397,16.98,55,0
3398,16.985,64,0
3399,16.99,88,0
3400,16.995,50,0
3401,17,54,0
3402,17.005,55,0
3403,17.01,76,0
3404,17.015,81,0
3405,17.02,48,0
3406,17.025,69,0
3407,17.03,75,0.2
3408,17.035,67,0
3409,17.04,72,0
3410,17.045,47,0
3411,17.05,57,0
3412,17.055,57,0
3413,17.06,47,0
3414,17.065,44,0
3415,17.07,56,0
3416,17.075,80,0
3417,17.08,43,0
3418,17.085,60,0
3419,17.09,62,0
3420,17.095,56,0
3421,17.1,75,0
3422,17.105,74,0.7
3423,17.11,83,0.7
3424,17.115,96,0.7
3425,17.12,67,0.9
3426,17.125,82,1
3427,17.13,87,1.1
3428,17.135,89,1.3
3429,17.14,92,1.4
3430,17.145,133,1.7
3431,17.15,79,1.5
3432,17.155,71,1.6
3433,17.16,82,1.6
3434,17.165,101,1.6
3435,17.17,118,1.7
3436,17.175,95,1.7
3437,17.18,116,1.7
3438,17.185,106,1.7
3439,17.19,112,1.8
3440,17.195,81,1.8
3441,17.2,140,1.8
3442,17.205,87,1.8
3443,17.21,95,1.8
3444,17.215,125,1.8
3445,17.22,115,1.8
3446,17.225,132,1.8
3447,17.23,148,1.8
3448,17.235,128,1.8
3449,17.24,102,1.8
3450,17.245,91,1.8
3451,17.25,105,1.8
3452,17.255,92,1.8
3453,17.26,108,1.8
3454,17.265,87,1.8
3455,17.27,114,1.9
3456,17.275,88,1.9
3457,17.28,105,1.9
3458,17.285,122,1.9
3459,17.29,102,1.9
3460,17.295,106,1.9
3461,17.3,102,1.9
3462,17.305,97,1.9
3463,17.31,127,1.9
3464,17.315,119,2
3465,17.32,117,1.9
3466,17.325,84,2
3467,17.33,108,2
3468,17.335,77,2
3469,17.34,93,2
3470,17.345,128,2
3471,17.35,123,2
3472,17.355,92,2
3473,17.36,129,2.1
3474,17.365,103,2
3475,17.37,76,2
3476,17.375,119,2.1
3477,17.38,113,2.1
3478,17.385,130,2.1
3479,17.39,99,2.1
3480,17.395,127,2.1
3481,17.4,120,2.1
3482,17.405,104,2.1
3483,17.41,124,2.1
3484,17.415,114,2.1
3485,17.42,109,2.1
3486,17.425,106,2.1
3487,17.43,106,2.1
3488,17.435,107,2.1
3489,17.44,134,2.2
3490,17.445,97,2.2
3491,17.45,106,2.2
3492,17.455,98,2.2
3493,17.46,112,2.2
3494,17.465,104,2.2
3495,17.47,112,2.2
3496,17.475,114,2.2
3497,17.48,122,2.2
3498,17.485,94,2.2
3499,17.49,106,2.2
3500,17.495,117,2.2
3501,17.5,129,2.2
3502,17.505,114,2.2
3503,17.51,126,2.2
3504,17.515,91,2.2
3505,17.52,113,2.2
3506,17.525,121,2.2
3507,17.53,117,2.2
3508,17.535,111,2.2
3509,17.54,155,2.2
3510,17.545,87,2.2
3511,17.55,136,2.2
3512,17.555,136,2.2
3513,17.56,96,2.2
3514,17.565,125,2.2
3515,17.57,116,2.2
3516,17.575,116,2.2
3517,17.58,117,2.2
3518,17.585,113,2.3
3519,17.59,102,2.3
3520,17.595,113,2.3
3521,17.6,115,2.3
3522,17.605,123,2.3
3523,17.61,101,2.3
3524,17.615,91,2.3
3525,17.62,118,2.6
3526,17.625,126,2.3
3527,17.63,99,2.3
3528,17.635,113,2.3
3529,17.64,108,2.3
3530,17.645,118,2.3
3531,17.65,130,2.3
3532,17.655,130,2.6
3533,17.66,114,2.3
3534,17.665,109,2.3
3535,17.67,102,2.4
3536,17.675,123,2.7
3537,17.68,139,2.4
3538,17.685,150,2.4
3539,17.69,122,2.7
3540,17.695,118,2.4
3541,17.7,111,2.4
3542,17.705,135,2.4
3543,17.71,103,2.4
3544,17.715,135,2.4
3545,17.72,135,2.7
3546,17.725,120,2.4
3547,17.73,121,2.4
3548,17.735,147,2.4
3549,17.74,111,2.4
3550,17.745,143,2.4
3551,17.75,150,2.4
3552,17.755,138,2.5
3553,17.76,135,2.5
3554,17.765,160,2.4
3555,17.77,111,2.7
3556,17.775,103,2.4
3557,17.78,114,2.4
3558,17.785,130,2.4
3559,17.79,129,2.4
3560,17.795,132,2.4
3561,17.8,111,2.4
3562,17.805,146,2.7
3563,17.81,111,2.7
3564,17.815,110,2.4
3565,17.82,137,2.6
3566,17.825,135,2.3
3567,17.83,90,2.3
3568,17.835,112,2.3
3569,17.84,132,2.3
3570,17.845,110,2.2
3571,17.85,104,2.1
3572,17.855,94,2
3573,17.86,101,2.2
3574,17.865,118,1.8
3575,17.87,111,1.7
3576,17.875,79,1.5
3577,17.88,98,1.4
3578,17.885,98,1.5
3579,17.89,98,1.4
3580,17.895,99,1.3
3581,17.9,86,1
3582,17.905,98,0.6
3583,17.91,57,0.7
3584,17.915,56,0.3
3585,17.92,66,0
3586,17.925,84,0.5
3587,17.93,63,0.3
3588,17.935,69,0.3
3589,17.94,73,0
3590,17.945,38,0.3
3591,17.95,79,0.3
3592,17.955,57,0.3
3593,17.96,61,0
3594,17.965,61,0.3
3595,17.97,37,0
3596,17.975,93,0
3597,17.98,80,0
3598,17.985,71,0
3599,17.99,43,0
3600,17.995,40,0.2
3601,18,72,0.2
3602,18.005,79,0
3603,18.01,84,0
3604,18.015,33,0
3605,18.02,51,0
3606,18.025,46,0
3607,18.03,48,0
3608,18.035,79,0.2
3609,18.04,48,0
3610,18.045,68,0
3611,18.05,73,0
3612,18.055,55,0
3613,18.06,48,0
3614,18.065,42,0
3615,18.07,75,0
3616,18.075,56,0
3617,18.08,61,0
3618,18.085,51,0
3619,18.09,27,0
3620,18.095,51,0
3621,18.1,67,0
3622,18.105,58,0
3623,18.11,78,0
3624,18.115,71,0
3625,18.12,61,0
3626,18.125,58,0.2
3627,18.13,63,0
3628,18.135,73,0
3629,18.14,53,0
3630,18.145,24,0
3631,18.15,69,0
3632,18.155,54,0
3633,18.16,50,0
3634,18.165,57,0
3635,18.17,56,0
3636,18.175,59,0
3637,18.18,88,0
3638,18.185,46,0
3639,18.19,75,0
3640,18.195,51,0
3641,18.2,63,0
3642,18.205,72,0
3643,18.21,64,0
3644,18.215,59,0
3645,18.22,47,0
3646,18.225,58,0
3647,18.23,55,0
3648,18.235,64,0
3649,18.24,67,0
3650,18.245,91,0
3651,18.25,32,0
3652,18.255,54,0
3653,18.26,29,0
3654,18.265,49,0
3655,18.27,69,0
3656,18.275,21,0
3657,18.28,77,0
3658,18.285,72,0
3659,18.29,69,0
3660,18.295,62,0
3661,18.3,71,0
3662,18.305,103,0
3663,18.31,30,0
3664,18.315,56,0
3665,18.32,63,0
3666,18.325,37,0
3667,18.33,76,0
3668,18.335,60,0
3669,18.34,51,0
3670,18.345,57,0
3671,18.35,52,0
3672,18.355,69,0
3673,18.36,82,0
3674,18.365,70,0
3675,18.37,43,0
3676,18.375,64,0
3677,18.38,61,0
3678,18.385,38,0
3679,18.39,64,0
3680,18.395,61,0
3681,18.4,45,0.2
3682,18.405,51,0
3683,18.41,89,0
3684,18.415,69,0
3685,18.42,61,0
3686,18.425,56,0
3687,18.43,48,0
3688,18.435,51,0
3689,18.44,52,0
3690,18.445,52,0
3691,18.45,62,0
3692,18.455,106,0
3693,18.46,75,0
3694,18.465,41,0
3695,18.47,56,0
3696,18.475,61,0
3697,18.48,76,0
3698,18.485,61,0
3699,18.49,37,0
3700,18.495,70,0
3701,18.5,46,0
3702,18.505,76,0
3703,18.51,51,0
3704,18.515,66,0
3705,18.52,66,0
3706,18.525,39,0
3707,18.53,54,0
3708,18.535,68,0
3709,18.54,61,0
3710,18.545,47,0
3711,18.55,35,0
3712,18.555,32,0
3713,18.56,68,0
3714,18.565,45,0
3715,18.57,65,0
3716,18.575,33,0
3717,18.58,52,0
3718,18.585,54,0
3719,18.59,62,0
3720,18.595,47,0
3721,18.6,57,0
3722,18.605,52,0
3723,18.61,53,0
3724,18.615,70,0
3725,18.62,65,0
3726,18.625,70,0
3727,18.63,61,0
3728,18.635,42,0
3729,18.64,63,0
3730,18.645,43,0
3731,18.65,65,0
3732,18.655,48,0
3733,18.66,60,0
3734,18.665,66,0
3735,18.67,35,0
3736,18.675,30,0
3737,18.68,46,0
3738,18.685,40,0
3739,18.69,34,0
3740,18.695,36,0
3741,18.7,70,0
3742,18.705,49,0
3743,18.71,49,0
3744,18.715,68,0
3745,18.72,56,0
3746,18.725,54,0
3747,18.73,83,0
3748,18.735,73,0
3749,18.74,65,0.2
3750,18.745,36,0
3751,18.75,75,0
3752,18.755,62,0
3753,18.76,72,0
3754,18.765,82,0
3755,18.77,74,0
3756,18.775,91,0
3757,18.78,52,0.2
3758,18.785,47,0
3759,18.79,55,0
3760,18.795,38,0
3761,18.8,48,0
3762,18.805,63,0.2
3763,18.81,71,0.2
3764,18.815,51,0
3765,18.82,60,0
3766,18.825,44,0
3767,18.83,53,0
3768,18.835,98,0
3769,18.84,53,0
3770,18.845,69,0
3771,18.85,25,0
3772,18.855,54,0
3773,18.86,85,0
3774,18.865,48,0
3775,18.87,78,0
3776,18.875,53,0.2
3777,18.88,53,0
3778,18.885,61,0
3779,18.89,40,0
3780,18.895,87,0
3781,18.9,53,0
3782,18.905,55,0
3783,18.91,35,0
3784,18.915,46,0.2
3785,18.92,62,0
3786,18.925,63,0
3787,18.93,46,0
3788,18.935,58,0
3789,18.94,65,0
3790,18.945,60,0
3791,18.95,57,0
3792,18.955,42,0
3793,18.96,78,0
3794,18.965,34,0
3795,18.97,64,0
3796,18.975,50,0
3797,18.98,54,0
3798,18.985,39,0
3799,18.99,64,0
3800,18.995,53,0
3801,19,79,0
3802,19.005,65,0
3803,19.01,92,0
3804,19.015,27,0
3805,19.02,53,0
3806,19.025,80,0
3807,19.03,51,0
3808,19.035,56,0
3809,19.04,39,0
3810,19.045,89,0
3811,19.05,59,0.2
3812,19.055,73,0
3813,19.06,65,0
3814,19.065,48,0
3815,19.07,41,0
3816,19.075,67,0
3817,19.08,58,0
3818,19.085,82,0
3819,19.09,51,0
3820,19.095,58,0
3821,19.1,45,0
3822,19.105,56,0
3823,19.11,62,0
3824,19.115,63,0.2
3825,19.12,56,0
3826,19.125,37,0
3827,19.13,61,0
3828,19.135,55,0
3829,19.14,59,0
3830,19.145,62,0
3831,19.15,63,0
3832,19.155,50,0.2
3833,19.16,49,0
3834,19.165,72,0
3835,19.17,74,0
3836,19.175,85,0
3837,19.18,48,0
3838,19.185,72,0.2
3839,19.19,69,0.2
3840,19.195,66,0
3841,19.2,81,0
3842,19.205,52,0
3843,19.21,65,0
3844,19.215,63,0
3845,19.22,49,0
3846,19.225,60,0
3847,19.23,100,0
3848,19.235,50,0
3849,19.24,52,0
3850,19.245,45,0
3851,19.25,56,0.2
3852,19.255,72,0
3853,19.26,61,0
3854,19.265,47,0
3855,19.27,56,0
3856,19.275,47,0
3857,19.28,26,0
3858,19.285,70,0
3859,19.29,59,0
3860,19.295,65,0
3861,19.3,64,0
3862,19.305,55,0
3863,19.31,60,0
3864,19.315,45,0
3865,19.32,43,0
3866,19.325,47,0
3867,19.33,65,0
3868,19.335,51,0
3869,19.34,66,0.2
3870,19.345,62,0
3871,19.35,55,0
3872,19.355,61,0
3873,19.36,58,0
3874,19.365,45,0
3875,19.37,60,0
3876,19.375,68,0
3877,19.38,53,0
3878,19.385,60,0
3879,19.39,59,0
3880,19.395,36,0
3881,19.4,45,0
3882,19.405,49,0
3883,19.41,63,0
3884,19.415,30,0
3885,19.42,52,0.2
3886,19.425,50,0
3887,19.43,71,0.2
3888,19.435,79,0
3889,19.44,66,0
3890,19.445,37,0
3891,19.45,67,0
3892,19.455,43,0
3893,19.46,66,0
3894,19.465,69,0
3895,19.47,47,0
3896,19.475,55,0
3897,19.48,66,0
3898,19.485,60,0
3899,19.49,75,0
3900,19.495,33,0
3901,19.5,51,0
3902,19.505,42,0
3903,19.51,70,0
3904,19.515,54,0
3905,19.52,71,0
3906,19.525,44,0.2
3907,19.53,47,0
3908,19.535,49,0
3909,19.54,47,0
3910,19.545,73,0
3911,19.55,49,0
3912,19.555,80,0
3913,19.56,63,0
3914,19.565,40,0
3915,19.57,25,0
3916,19.575,58,0.2
3917,19.58,63,0
3918,19.585,77,0.2
3919,19.59,28,0
3920,19.595,74,0.2
3921,19.6,54,0
3922,19.605,38,0
3923,19.61,43,0
3924,19.615,61,0
3925,19.62,84,0
3926,19.625,63,0
3927,19.63,76,0.2
3928,19.635,27,0
3929,19.64,44,0
3930,19.645,54,0
3931,19.65,44,0
3932,19.655,70,0.2
3933,19.66,50,0
3934,19.665,57,0
3935,19.67,34,0
3936,19.675,52,0
3937,19.68,70,0
3938,19.685,55,0
3939,19.69,61,0
3940,19.695,52,0
3941,19.7,87,0
3942,19.705,56,0
3943,19.71,81,0.2
3944,19.715,64,0
3945,19.72,86,0
3946,19.725,34,0
3947,19.73,43,0
3948,19.735,63,0
3949,19.74,54,0
3950,19.745,40,0
3951,19.75,33,0
3952,19.755,52,0
3953,19.76,66,0
3954,19.765,37,0
3955,19.77,53,0
3956,19.775,45,0
3957,19.78,71,0
3958,19.785,75,0
3959,19.79,79,0
3960,19.795,54,0
3961,19.8,70,0
3962,19.805,38,0
3963,19.81,61,0
3964,19.815,64,0
3965,19.82,45,0
3966,19.825,94,0
3967,19.83,60,0
3968,19.835,56,0
3969,19.84,61,0
3970,19.845,64,0
3971,19.85,64,0
3972,19.855,38,0
3973,19.86,9,0
3974,19.865,57,0
3975,19.87,62,0
3976,19.875,60,0
3977,19.88,59,0
3978,19.885,53,0
3979,19.89,48,0
3980,19.895,76,0
3981,19.9,48,0
3982,19.905,35,0
3983,19.91,78,0
3984,19.915,54,0
3985,19.92,36,0
3986,19.925,48,0
3987,19.93,47,0
3988,19.935,65,0
3989,19.94,49,0
3990,19.945,56,0
3991,19.95,95,0
3992,19.955,53,0
3993,19.96,62,0
3994,19.965,78,0
3995,19.97,84,0
3996,19.975,68,0
3997,19.98,46,0
3998,19.985,73,0
3999,19.99,76,0
4000,19.995,78,0
4001,20,62,0
4002,20.005,66,0
4003,20.01,77,0
4004,20.015,62,0
4005,20.02,39,0
4006,20.025,32,0
4007,20.03,42,0
4008,20.035,39,0
4009,20.04,27,0
4010,20.045,35,0
4011,20.05,62,0
4012,20.055,85,0
4013,20.06,64,0
4014,20.065,53,0
4015,20.07,37,0
4016,20.075,62,0.2
4017,20.08,42,0
4018,20.085,63,0
4019,20.09,59,0
4020,20.095,75,0
4021,20.1,77,0
4022,20.105,65,0
4023,20.11,61,0
4024,20.115,58,0
4025,20.12,72,0
4026,20.125,75,0
4027,20.13,59,0
4028,20.135,66,0
4029,20.14,61,0
4030,20.145,64,0
4031,20.15,49,0
4032,20.155,65,0
4033,20.16,65,0
4034,20.165,63,0
4035,20.17,47,0.2
4036,20.175,80,0.2
4037,20.18,51,0
4038,20.185,90,0.2
4039,20.19,58,0
4040,20.195,66,0
4041,20.2,51,0.2
4042,20.205,72,0.2
4043,20.21,46,0
4044,20.215,50,0
4045,20.22,60,0
4046,20.225,38,0.2
4047,20.23,42,0
4048,20.235,67,0
4049,20.24,54,0
4050,20.245,58,0
4051,20.25,54,0
4052,20.255,66,0
4053,20.26,74,0
4054,20.265,60,0
4055,20.27,60,0
4056,20.275,42,0
4057,20.28,67,0
4058,20.285,50,0
4059,20.29,64,0
4060,20.295,47,0
4061,20.3,40,0
4062,20.305,52,0
4063,20.31,64,0
4064,20.315,42,0
4065,20.32,59,0
4066,20.325,73,0
4067,20.33,54,0
4068,20.335,68,0
4069,20.34,51,0
4070,20.345,64,0
4071,20.35,51,0
4072,20.355,76,0
4073,20.36,54,0
4074,20.365,51,0
4075,20.37,62,0
4076,20.375,56,0
4077,20.38,47,0
4078,20.385,61,0
4079,20.39,57,0
4080,20.395,85,0
4081,20.4,64,0.2
4082,20.405,73,0
4083,20.41,65,0
4084,20.415,67,0
4085,20.42,59,0
4086,20.425,93,0
4087,20.43,48,0
4088,20.435,70,0
4089,20.44,40,0
4090,20.445,54,0
4091,20.45,36,0
4092,20.455,54,0
4093,20.46,66,0.2
4094,20.465,53,0
4095,20.47,72,0
4096,20.475,83,0
4097,20.48,47,0
4098,20.485,48,0.2
4099,20.49,57,0
4100,20.495,70,0
4101,20.5,73,0
4102,20.505,95,0
4103,20.51,51,0
4104,20.515,45,0.2
4105,20.52,46,0
4106,20.525,90,0
4107,20.53,70,0
4108,20.535,79,0
4109,20.54,84,0
4110,20.545,81,0
4111,20.55,54,0
4112,20.555,48,0
4113,20.56,23,0
4114,20.565,62,0
4115,20.57,73,0
4116,20.575,59,0
4117,20.58,96,0
4118,20.585,58,0
4119,20.59,69,0
4120,20.595,64,0
4121,20.6,79,0
4122,20.605,68,0.2
4123,20.61,65,0
4124,20.615,57,0
4125,20.62,58,0
4126,20.625,68,0
4127,20.63,26,0
4128,20.635,40,0
4129,20.64,48,0
4130,20.645,57,0
4131,20.65,70,0
4132,20.655,53,0
4133,20.66,56,0
4134,20.665,36,0
4135,20.67,60,0
4136,20.675,74,0
4137,20.68,59,0
4138,20.685,57,0
4139,20.69,48,0
4140,20.695,88,0
4141,20.7,65,0.2
4142,20.705,45,0
4143,20.71,47,0
4144,20.715,45,0
4145,20.72,40,0
4146,20.725,80,0
4147,20.73,59,0
4148,20.735,29,0
4149,20.74,60,0.2
4150,20.745,70,0
4151,20.75,44,0
4152,20.755,41,0
4153,20.76,60,0
4154,20.765,95,0
4155,20.77,63,0
4156,20.775,81,0
4157,20.78,106,0
4158,20.785,45,0
4159,20.79,74,0
4160,20.795,57,0
4161,20.8,61,0
4162,20.805,55,0
4163,20.81,25,0
4164,20.815,39,0
4165,20.82,45,0
4166,20.825,61,0.2
4167,20.83,52,0
4168,20.835,69,0
4169,20.84,62,0
4170,20.845,69,0.2
4171,20.85,40,0
4172,20.855,79,0
4173,20.86,56,0
4174,20.865,52,0
4175,20.87,66,0
4176,20.875,64,0
4177,20.88,86,0
4178,20.885,45,0
4179,20.89,58,0
4180,20.895,68,0
4181,20.9,58,0
4182,20.905,54,0.2
4183,20.91,89,0.2
4184,20.915,73,0
4185,20.92,71,0
4186,20.925,57,0.2
4187,20.93,35,0
4188,20.935,45,0
4189,20.94,66,0
4190,20.945,38,0
4191,20.95,98,0.2
4192,20.955,61,0
4193,20.96,35,0
4194,20.965,33,0
4195,20.97,57,0
4196,20.975,101,0
4197,20.98,50,0
4198,20.985,51,0
4199,20.99,88,0
4200,20.995,69,0
4201,21,85,0.2
4202,21.005,34,0
4203,21.01,76,0
4204,21.015,62,0
4205,21.02,49,0
4206,21.025,81,0
4207,21.03,62,0
4208,21.035,56,0
4209,21.04,90,0.2
4210,21.045,60,0
4211,21.05,37,0.2
4212,21.055,73,0
4213,21.06,53,0
4214,21.065,70,0
4215,21.07,48,0
4216,21.075,56,0
4217,21.08,87,0
4218,21.085,62,0
4219,21.09,75,0
4220,21.095,76,0
4221,21.1,50,0
4222,21.105,47,0
4223,21.11,72,0.2
4224,21.115,53,0
4225,21.12,76,0
4226,21.125,63,0
4227,21.13,73,0
4228,21.135,55,0
4229,21.14,64,0
4230,21.145,55,0
4231,21.15,85,0
4232,21.155,58,0
4233,21.16,70,0
4234,21.165,54,0
4235,21.17,63,0
4236,21.175,41,0
4237,21.18,54,0
4238,21.185,96,0.2
4239,21.19,63,0
4240,21.195,87,0
4241,21.2,64,0
4242,21.205,93,0
4243,21.21,67,0
4244,21.215,81,0
4245,21.22,53,0
4246,21.225,46,0
4247,21.23,48,0
4248,21.235,49,0
4249,21.24,38,0
4250,21.245,55,0
4251,21.25,72,0
4252,21.255,60,0
4253,21.26,46,0
4254,21.265,66,0
4255,21.27,45,0
4256,21.275,72,0
4257,21.28,38,0
4258,21.285,52,0.2
4259,21.29,54,0
4260,21.295,57,0
4261,21.3,65,0
4262,21.305,79,0
4263,21.31,66,0
4264,21.315,71,0
4265,21.32,56,0
4266,21.325,79,0
4267,21.33,54,0
4268,21.335,56,0
4269,21.34,41,0
4270,21.345,75,0
4271,21.35,57,0
4272,21.355,49,0
4273,21.36,56,0
4274,21.365,42,0
4275,21.37,42,0
4276,21.375,30,0
4277,21.38,65,0
4278,21.385,51,0
4279,21.39,78,0
4280,21.395,40,0
4281,21.4,50,0
4282,21.405,35,0
4283,21.41,45,0
4284,21.415,57,0
4285,21.42,38,0
4286,21.425,31,0
4287,21.43,53,0
4288,21.435,83,0
4289,21.44,57,0
4290,21.445,47,0
4291,21.45,54,0
4292,21.455,71,0
4293,21.46,42,0
4294,21.465,52,0
4295,21.47,74,0
4296,21.475,48,0
4297,21.48,75,0.2
4298,21.485,63,0
4299,21.49,54,0
4300,21.495,63,0
4301,21.5,37,0
4302,21.505,83,0
4303,21.51,55,0
4304,21.515,68,0
4305,21.52,34,0
4306,21.525,51,0
4307,21.53,36,0
4308,21.535,31,0
4309,21.54,81,0
4310,21.545,61,0.2
4311,21.55,51,0.2
4312,21.555,85,0
4313,21.56,50,0
4314,21.565,43,0
4315,21.57,59,0
4316,21.575,42,0
4317,21.58,35,0.2
4318,21.585,100,0
4319,21.59,46,0
4320,21.595,69,0
4321,21.6,50,0
4322,21.605,38,0
4323,21.61,72,0
4324,21.615,40,0
4325,21.62,50,0
4326,21.625,73,0
4327,21.63,24,0
4328,21.635,66,0
4329,21.64,62,0
4330,21.645,63,0
4331,21.65,55,0
4332,21.655,52,0
4333,21.66,60,0
4334,21.665,84,0
4335,21.67,59,0
4336,21.675,35,0
4337,21.68,51,0
4338,21.685,43,0
4339,21.69,71,0
4340,21.695,79,0
4341,21.7,42,0
4342,21.705,54,0
4343,21.71,33,0
4344,21.715,43,0
4345,21.72,30,0
4346,21.725,95,0.2
4347,21.73,58,0
4348,21.735,47,0
4349,21.74,76,0
4350,21.745,51,0
4351,21.75,37,0
4352,21.755,63,0.2
4353,21.76,58,0
4354,21.765,60,0
4355,21.77,36,0
4356,21.775,76,0
4357,21.78,70,0
4358,21.785,28,0
4359,21.79,38,0
4360,21.795,30,0
4361,21.8,59,0
4362,21.805,63,0
4363,21.81,69,0
4364,21.815,91,0
4365,21.82,52,0
4366,21.825,52,0
4367,21.83,50,0
4368,21.835,32,0
4369,21.84,59,0
4370,21.845,53,0
4371,21.85,72,0
4372,21.855,55,0
4373,21.86,69,0
4374,21.865,50,0
4375,21.87,47,0
4376,21.875,47,0
4377,21.88,62,0
4378,21.885,92,0
4379,21.89,65,0
4380,21.895,51,0
4381,21.9,87,0
4382,21.905,49,0
4383,21.91,48,0
4384,21.915,65,0
4385,21.92,53,0
4386,21.925,61,0
4387,21.93,66,0
4388,21.935,53,0
4389,21.94,66,0
4390,21.945,48,0
4391,21.95,40,0
4392,21.955,61,0
4393,21.96,61,0
4394,21.965,75,0
4395,21.97,71,0
4396,21.975,45,0
4397,21.98,49,0
4398,21.985,57,0
4399,21.99,25,0
4400,21.995,70,0
4401,22,64,0
4402,22.005,38,0
4403,22.01,56,0
4404,22.015,72,0
4405,22.02,46,0
4406,22.025,36,0
4407,22.03,89,0
4408,22.035,76,0
4409,22.04,65,0
4410,22.045,84,0
4411,22.05,45,0
4412,22.055,54,0
4413,22.06,78,0
4414,22.065,73,0
4415,22.07,66,0
@@,,,
